TSA_Pre,1.0,2024-09-18 03:40:32.325578
Main,1.0,2024-09-18 03:40:32.325578
First_Class,1.0,2024-09-18 03:40:32.325578
Alt_Checkpoint,,2024-09-18 03:40:32.325578
TSA_Pre,1.0,2024-09-18 04:27:34.229199
Main,1.0,2024-09-18 04:27:34.229199
First_Class,1.0,2024-09-18 04:27:34.229199
Alt_Checkpoint,,2024-09-18 04:27:34.229199
TSA_Pre,1.0,2024-09-18 04:43:13.385016
Main,1.0,2024-09-18 04:43:13.385016
First_Class,1.0,2024-09-18 04:43:13.385016
Alt_Checkpoint,,2024-09-18 04:43:13.385016
TSA_Pre,1.0,2024-09-18 04:53:50.299053
Main,1.0,2024-09-18 04:53:50.299053
First_Class,1.0,2024-09-18 04:53:50.299053
Alt_Checkpoint,,2024-09-18 04:53:50.299053
TSA_Pre,1.0,2024-09-18 05:16:45.423665
Main,1.0,2024-09-18 05:16:45.423665
First_Class,1.0,2024-09-18 05:16:45.423665
Alt_Checkpoint,,2024-09-18 05:16:45.423665
TSA_Pre,1.0,2024-09-18 05:39:15.009888
Main,1.0,2024-09-18 05:39:15.009888
First_Class,1.0,2024-09-18 05:39:15.009888
Alt_Checkpoint,,2024-09-18 05:39:15.009888
TSA_Pre,1.0,2024-09-18 05:51:14.565467
Main,1.0,2024-09-18 05:51:14.565467
First_Class,1.0,2024-09-18 05:51:14.565467
Alt_Checkpoint,,2024-09-18 05:51:14.565467
TSA_Pre,1.0,2024-09-18 06:24:38.697207
Main,1.0,2024-09-18 06:24:38.697207
First_Class,1.0,2024-09-18 06:24:38.697207
Alt_Checkpoint,,2024-09-18 06:24:38.697207
TSA_Pre,1.0,2024-09-18 06:43:36.355683
Main,1.0,2024-09-18 06:43:36.355683
First_Class,1.0,2024-09-18 06:43:36.355683
Alt_Checkpoint,,2024-09-18 06:43:36.355683
TSA_Pre,1.0,2024-09-18 06:54:06.159608
Main,1.0,2024-09-18 06:54:06.159608
First_Class,1.0,2024-09-18 06:54:06.159608
Alt_Checkpoint,,2024-09-18 06:54:06.159608
TSA_Pre,1.0,2024-09-18 07:16:26.704796
Main,1.0,2024-09-18 07:16:26.704796
First_Class,1.0,2024-09-18 07:16:26.704796
Alt_Checkpoint,,2024-09-18 07:16:26.704796
TSA_Pre,1.0,2024-09-18 07:38:17.863622
Main,1.0,2024-09-18 07:38:17.863622
First_Class,1.0,2024-09-18 07:38:17.863622
Alt_Checkpoint,,2024-09-18 07:38:17.863622
TSA_Pre,1.0,2024-09-18 07:51:12.728359
Main,2.0,2024-09-18 07:51:12.728359
First_Class,1.0,2024-09-18 07:51:12.728359
Alt_Checkpoint,,2024-09-18 07:51:12.728359
TSA_Pre,1.0,2024-09-18 08:20:08.595248
Main,6.0,2024-09-18 08:20:08.595248
First_Class,1.0,2024-09-18 08:20:08.595248
Alt_Checkpoint,,2024-09-18 08:20:08.595248
TSA_Pre,1.0,2024-09-18 08:41:31.437064
Main,14.0,2024-09-18 08:41:31.437064
First_Class,1.0,2024-09-18 08:41:31.437064
Alt_Checkpoint,,2024-09-18 08:41:31.437064
TSA_Pre,1.0,2024-09-18 08:51:53.641350
Main,15.0,2024-09-18 08:51:53.641350
First_Class,2.0,2024-09-18 08:51:53.641350
Alt_Checkpoint,,2024-09-18 08:51:53.641350
TSA_Pre,1.0,2024-09-18 09:18:53.012509
Main,13.0,2024-09-18 09:18:53.012509
First_Class,4.0,2024-09-18 09:18:53.012509
Alt_Checkpoint,,2024-09-18 09:18:53.012509
TSA_Pre,2.0,2024-09-18 09:38:46.785544
Main,14.0,2024-09-18 09:38:46.785544
First_Class,2.0,2024-09-18 09:38:46.785544
Alt_Checkpoint,,2024-09-18 09:38:46.785544
TSA_Pre,2.0,2024-09-18 09:50:55.118494
Main,12.0,2024-09-18 09:50:55.118494
First_Class,2.0,2024-09-18 09:50:55.118494
Alt_Checkpoint,,2024-09-18 09:50:55.118494
TSA_Pre,1.0,2024-09-18 10:18:04.005672
Main,5.0,2024-09-18 10:18:04.005672
First_Class,1.0,2024-09-18 10:18:04.005672
Alt_Checkpoint,,2024-09-18 10:18:04.005672
TSA_Pre,1.0,2024-09-18 10:40:58.928454
Main,7.0,2024-09-18 10:40:58.928454
First_Class,2.0,2024-09-18 10:40:58.928454
Alt_Checkpoint,,2024-09-18 10:40:58.928454
TSA_Pre,1.0,2024-09-18 10:51:34.262925
Main,8.0,2024-09-18 10:51:34.262925
First_Class,2.0,2024-09-18 10:51:34.262925
Alt_Checkpoint,,2024-09-18 10:51:34.262925
TSA_Pre,2.0,2024-09-18 11:14:29.547210
Main,2.0,2024-09-18 11:14:29.547210
First_Class,1.0,2024-09-18 11:14:29.547210
Alt_Checkpoint,,2024-09-18 11:14:29.547210
TSA_Pre,1.0,2024-09-18 11:26:16.520785
Main,3.0,2024-09-18 11:26:16.520785
First_Class,1.0,2024-09-18 11:26:16.520785
Alt_Checkpoint,,2024-09-18 11:26:16.520785
TSA_Pre,3.0,2024-09-18 11:38:09.385234
Main,1.0,2024-09-18 11:38:09.385234
First_Class,1.0,2024-09-18 11:38:09.385234
Alt_Checkpoint,,2024-09-18 11:38:09.385234
TSA_Pre,3.0,2024-09-18 11:51:13.316979
Main,1.0,2024-09-18 11:51:13.316979
First_Class,1.0,2024-09-18 11:51:13.316979
Alt_Checkpoint,,2024-09-18 11:51:13.316979
TSA_Pre,1.0,2024-09-18 12:33:15.819578
Main,2.0,2024-09-18 12:33:15.819578
First_Class,1.0,2024-09-18 12:33:15.819578
Alt_Checkpoint,,2024-09-18 12:33:15.819578
TSA_Pre,2.0,2024-09-18 13:03:51.436958
Main,3.0,2024-09-18 13:03:51.436958
First_Class,1.0,2024-09-18 13:03:51.436958
Alt_Checkpoint,,2024-09-18 13:03:51.436958
TSA_Pre,5.0,2024-09-18 13:32:08.935365
Main,6.0,2024-09-18 13:32:08.935365
First_Class,1.0,2024-09-18 13:32:08.935365
Alt_Checkpoint,,2024-09-18 13:32:08.935365
TSA_Pre,4.0,2024-09-18 13:51:24.100757
Main,3.0,2024-09-18 13:51:24.100757
First_Class,1.0,2024-09-18 13:51:24.100757
Alt_Checkpoint,,2024-09-18 13:51:24.100757
TSA_Pre,5.0,2024-09-18 14:16:24.569940
Main,2.0,2024-09-18 14:16:24.569940
First_Class,1.0,2024-09-18 14:16:24.569940
Alt_Checkpoint,,2024-09-18 14:16:24.569940
TSA_Pre,5.0,2024-09-18 14:39:54.734316
Main,13.0,2024-09-18 14:39:54.734316
First_Class,4.0,2024-09-18 14:39:54.734316
Alt_Checkpoint,,2024-09-18 14:39:54.734316
TSA_Pre,5.0,2024-09-18 14:50:52.650976
Main,10.0,2024-09-18 14:50:52.650976
First_Class,2.0,2024-09-18 14:50:52.650976
Alt_Checkpoint,,2024-09-18 14:50:52.650976
TSA_Pre,4.0,2024-09-18 15:18:38.483818
Main,2.0,2024-09-18 15:18:38.483818
First_Class,1.0,2024-09-18 15:18:38.483818
Alt_Checkpoint,,2024-09-18 15:18:38.483818
TSA_Pre,3.0,2024-09-18 15:37:56.910944
Main,2.0,2024-09-18 15:37:56.910944
First_Class,1.0,2024-09-18 15:37:56.910944
Alt_Checkpoint,,2024-09-18 15:37:56.910944
TSA_Pre,4.0,2024-09-18 15:51:28.280223
Main,6.0,2024-09-18 15:51:28.280223
First_Class,1.0,2024-09-18 15:51:28.280223
Alt_Checkpoint,,2024-09-18 15:51:28.280223
TSA_Pre,2.0,2024-09-18 16:20:20.507247
Main,2.0,2024-09-18 16:20:20.507247
First_Class,1.0,2024-09-18 16:20:20.507247
Alt_Checkpoint,,2024-09-18 16:20:20.507247
TSA_Pre,3.0,2024-09-18 16:43:09.592610
Main,5.0,2024-09-18 16:43:09.592610
First_Class,1.0,2024-09-18 16:43:09.592610
Alt_Checkpoint,,2024-09-18 16:43:09.592610
TSA_Pre,2.0,2024-09-18 16:53:52.772892
Main,6.0,2024-09-18 16:53:52.772892
First_Class,2.0,2024-09-18 16:53:52.772892
Alt_Checkpoint,,2024-09-18 16:53:52.772892
TSA_Pre,1.0,2024-09-18 17:14:55.555187
Main,1.0,2024-09-18 17:14:55.555187
First_Class,1.0,2024-09-18 17:14:55.555187
Alt_Checkpoint,,2024-09-18 17:14:55.555187
TSA_Pre,1.0,2024-09-18 17:31:11.442500
Main,2.0,2024-09-18 17:31:11.442500
First_Class,2.0,2024-09-18 17:31:11.442500
Alt_Checkpoint,,2024-09-18 17:31:11.442500
TSA_Pre,2.0,2024-09-18 17:51:23.548991
Main,6.0,2024-09-18 17:51:23.548991
First_Class,1.0,2024-09-18 17:51:23.548991
Alt_Checkpoint,,2024-09-18 17:51:23.548991
TSA_Pre,5.0,2024-09-18 18:22:56.293497
Main,9.0,2024-09-18 18:22:56.293497
First_Class,1.0,2024-09-18 18:22:56.293497
Alt_Checkpoint,,2024-09-18 18:22:56.293497
TSA_Pre,4.0,2024-09-18 18:42:48.359149
Main,12.0,2024-09-18 18:42:48.359149
First_Class,5.0,2024-09-18 18:42:48.359149
Alt_Checkpoint,,2024-09-18 18:42:48.359149
TSA_Pre,6.0,2024-09-18 18:53:35.136596
Main,13.0,2024-09-18 18:53:35.136596
First_Class,4.0,2024-09-18 18:53:35.136596
Alt_Checkpoint,,2024-09-18 18:53:35.136596
TSA_Pre,8.0,2024-09-18 19:14:56.989125
Main,13.0,2024-09-18 19:14:56.989125
First_Class,2.0,2024-09-18 19:14:56.989125
Alt_Checkpoint,,2024-09-18 19:14:56.989125
TSA_Pre,7.0,2024-09-18 19:26:03.707077
Main,12.0,2024-09-18 19:26:03.707077
First_Class,4.0,2024-09-18 19:26:03.707077
Alt_Checkpoint,,2024-09-18 19:26:03.707077
TSA_Pre,5.0,2024-09-18 19:37:34.270698
Main,13.0,2024-09-18 19:37:34.270698
First_Class,4.0,2024-09-18 19:37:34.270698
Alt_Checkpoint,,2024-09-18 19:37:34.270698
TSA_Pre,7.0,2024-09-18 19:51:11.315701
Main,11.0,2024-09-18 19:51:11.315701
First_Class,4.0,2024-09-18 19:51:11.315701
Alt_Checkpoint,,2024-09-18 19:51:11.315701
TSA_Pre,3.0,2024-09-18 20:17:54.903734
Main,7.0,2024-09-18 20:17:54.903734
First_Class,3.0,2024-09-18 20:17:54.903734
Alt_Checkpoint,,2024-09-18 20:17:54.903734
TSA_Pre,4.0,2024-09-18 20:50:58.286940
Main,2.0,2024-09-18 20:50:58.286940
First_Class,1.0,2024-09-18 20:50:58.286940
Alt_Checkpoint,,2024-09-18 20:50:58.286940
TSA_Pre,3.0,2024-09-18 21:15:23.580848
Main,2.0,2024-09-18 21:15:23.580848
First_Class,1.0,2024-09-18 21:15:23.580848
Alt_Checkpoint,,2024-09-18 21:15:23.580848
TSA_Pre,2.0,2024-09-18 21:28:32.389155
Main,5.0,2024-09-18 21:28:32.389155
First_Class,1.0,2024-09-18 21:28:32.389155
Alt_Checkpoint,,2024-09-18 21:28:32.389155
TSA_Pre,1.0,2024-09-18 21:39:33.151115
Main,1.0,2024-09-18 21:39:33.151115
First_Class,1.0,2024-09-18 21:39:33.151115
Alt_Checkpoint,,2024-09-18 21:39:33.151115
TSA_Pre,2.0,2024-09-18 21:51:21.293175
Main,1.0,2024-09-18 21:51:21.293175
First_Class,1.0,2024-09-18 21:51:21.293175
Alt_Checkpoint,,2024-09-18 21:51:21.293175
TSA_Pre,2.0,2024-09-18 22:16:29.389130
Main,2.0,2024-09-18 22:16:29.389130
First_Class,1.0,2024-09-18 22:16:29.389130
Alt_Checkpoint,,2024-09-18 22:16:29.389130
TSA_Pre,1.0,2024-09-18 22:39:09.109021
Main,1.0,2024-09-18 22:39:09.109021
First_Class,1.0,2024-09-18 22:39:09.109021
Alt_Checkpoint,,2024-09-18 22:39:09.109021
TSA_Pre,1.0,2024-09-18 22:50:51.877310
Main,1.0,2024-09-18 22:50:51.877310
First_Class,1.0,2024-09-18 22:50:51.877310
Alt_Checkpoint,,2024-09-18 22:50:51.877310
TSA_Pre,1.0,2024-09-18 23:16:16.626290
Main,1.0,2024-09-18 23:16:16.626290
First_Class,1.0,2024-09-18 23:16:16.626290
Alt_Checkpoint,,2024-09-18 23:16:16.626290
TSA_Pre,1.0,2024-09-18 23:38:06.874875
Main,1.0,2024-09-18 23:38:06.874875
First_Class,1.0,2024-09-18 23:38:06.874875
Alt_Checkpoint,,2024-09-18 23:38:06.874875
TSA_Pre,1.0,2024-09-18 23:51:30.599944
Main,1.0,2024-09-18 23:51:30.599944
First_Class,1.0,2024-09-18 23:51:30.599944
Alt_Checkpoint,,2024-09-18 23:51:30.599944
TSA_Pre,1.0,2024-09-19 01:17:03.830533
Main,1.0,2024-09-19 01:17:03.830533
First_Class,1.0,2024-09-19 01:17:03.830533
Alt_Checkpoint,,2024-09-19 01:17:03.830533
TSA_Pre,1.0,2024-09-19 02:34:32.467977
Main,1.0,2024-09-19 02:34:32.467977
First_Class,1.0,2024-09-19 02:34:32.467977
Alt_Checkpoint,,2024-09-19 02:34:32.467977
TSA_Pre,1.0,2024-09-19 03:01:04.513060
Main,1.0,2024-09-19 03:01:04.513060
First_Class,1.0,2024-09-19 03:01:04.513060
Alt_Checkpoint,,2024-09-19 03:01:04.513060
TSA_Pre,1.0,2024-09-19 03:31:57.632175
Main,1.0,2024-09-19 03:31:57.632175
First_Class,1.0,2024-09-19 03:31:57.632175
Alt_Checkpoint,,2024-09-19 03:31:57.632175
TSA_Pre,1.0,2024-09-19 03:50:53.441037
Main,1.0,2024-09-19 03:50:53.441037
First_Class,1.0,2024-09-19 03:50:53.441037
Alt_Checkpoint,,2024-09-19 03:50:53.441037
TSA_Pre,1.0,2024-09-19 04:20:36.746408
Main,1.0,2024-09-19 04:20:36.746408
First_Class,1.0,2024-09-19 04:20:36.746408
Alt_Checkpoint,,2024-09-19 04:20:36.746408
TSA_Pre,1.0,2024-09-19 04:42:03.767704
Main,1.0,2024-09-19 04:42:03.767704
First_Class,1.0,2024-09-19 04:42:03.767704
Alt_Checkpoint,,2024-09-19 04:42:03.767704
TSA_Pre,1.0,2024-09-19 04:52:40.631545
Main,1.0,2024-09-19 04:52:40.631545
First_Class,1.0,2024-09-19 04:52:40.631545
Alt_Checkpoint,,2024-09-19 04:52:40.631545
TSA_Pre,1.0,2024-09-19 05:16:49.969655
Main,1.0,2024-09-19 05:16:49.969655
First_Class,1.0,2024-09-19 05:16:49.969655
Alt_Checkpoint,,2024-09-19 05:16:49.969655
TSA_Pre,1.0,2024-09-19 05:39:21.892912
Main,1.0,2024-09-19 05:39:21.892912
First_Class,1.0,2024-09-19 05:39:21.892912
Alt_Checkpoint,,2024-09-19 05:39:21.892912
TSA_Pre,1.0,2024-09-19 05:51:21.042454
Main,1.0,2024-09-19 05:51:21.042454
First_Class,1.0,2024-09-19 05:51:21.042454
Alt_Checkpoint,,2024-09-19 05:51:21.042454
TSA_Pre,1.0,2024-09-19 06:24:23.925304
Main,2.0,2024-09-19 06:24:23.925304
First_Class,2.0,2024-09-19 06:24:23.925304
Alt_Checkpoint,,2024-09-19 06:24:23.925304
TSA_Pre,1.0,2024-09-19 06:44:33.726186
Main,1.0,2024-09-19 06:44:33.726186
First_Class,1.0,2024-09-19 06:44:33.726186
Alt_Checkpoint,,2024-09-19 06:44:33.726186
TSA_Pre,1.0,2024-09-19 06:55:16.446807
Main,1.0,2024-09-19 06:55:16.446807
First_Class,1.0,2024-09-19 06:55:16.446807
Alt_Checkpoint,,2024-09-19 06:55:16.446807
TSA_Pre,1.0,2024-09-19 07:15:55.654431
Main,2.0,2024-09-19 07:15:55.654431
First_Class,2.0,2024-09-19 07:15:55.654431
Alt_Checkpoint,,2024-09-19 07:15:55.654431
TSA_Pre,1.0,2024-09-19 07:37:40.909032
Main,7.0,2024-09-19 07:37:40.909032
First_Class,2.0,2024-09-19 07:37:40.909032
Alt_Checkpoint,,2024-09-19 07:37:40.909032
TSA_Pre,1.0,2024-09-19 07:51:17.571283
Main,9.0,2024-09-19 07:51:17.571283
First_Class,1.0,2024-09-19 07:51:17.571283
Alt_Checkpoint,,2024-09-19 07:51:17.571283
TSA_Pre,1.0,2024-09-19 08:22:43.558370
Main,20.0,2024-09-19 08:22:43.558370
First_Class,2.0,2024-09-19 08:22:43.558370
Alt_Checkpoint,,2024-09-19 08:22:43.558370
TSA_Pre,1.0,2024-09-19 08:42:33.555509
Main,28.0,2024-09-19 08:42:33.555509
First_Class,2.0,2024-09-19 08:42:33.555509
Alt_Checkpoint,,2024-09-19 08:42:33.555509
TSA_Pre,2.0,2024-09-19 08:52:57.344202
Main,24.0,2024-09-19 08:52:57.344202
First_Class,2.0,2024-09-19 08:52:57.344202
Alt_Checkpoint,,2024-09-19 08:52:57.344202
TSA_Pre,2.0,2024-09-19 09:18:14.584385
Main,24.0,2024-09-19 09:18:14.584385
First_Class,2.0,2024-09-19 09:18:14.584385
Alt_Checkpoint,,2024-09-19 09:18:14.584385
TSA_Pre,2.0,2024-09-19 09:37:54.241564
Main,12.0,2024-09-19 09:37:54.241564
First_Class,2.0,2024-09-19 09:37:54.241564
Alt_Checkpoint,,2024-09-19 09:37:54.241564
TSA_Pre,2.0,2024-09-19 09:50:53.193554
Main,9.0,2024-09-19 09:50:53.193554
First_Class,2.0,2024-09-19 09:50:53.193554
Alt_Checkpoint,,2024-09-19 09:50:53.193554
TSA_Pre,1.0,2024-09-19 10:18:28.959855
Main,10.0,2024-09-19 10:18:28.959855
First_Class,3.0,2024-09-19 10:18:28.959855
Alt_Checkpoint,,2024-09-19 10:18:28.959855
TSA_Pre,1.0,2024-09-19 10:40:51.757942
Main,7.0,2024-09-19 10:40:51.757942
First_Class,3.0,2024-09-19 10:40:51.757942
Alt_Checkpoint,,2024-09-19 10:40:51.757942
TSA_Pre,1.0,2024-09-19 10:51:40.113464
Main,3.0,2024-09-19 10:51:40.113464
First_Class,1.0,2024-09-19 10:51:40.113464
Alt_Checkpoint,,2024-09-19 10:51:40.113464
TSA_Pre,2.0,2024-09-19 11:14:18.146652
Main,2.0,2024-09-19 11:14:18.146652
First_Class,2.0,2024-09-19 11:14:18.146652
Alt_Checkpoint,,2024-09-19 11:14:18.146652
TSA_Pre,1.0,2024-09-19 11:26:45.715638
Main,2.0,2024-09-19 11:26:45.715638
First_Class,1.0,2024-09-19 11:26:45.715638
Alt_Checkpoint,,2024-09-19 11:26:45.715638
TSA_Pre,1.0,2024-09-19 11:37:56.108499
Main,1.0,2024-09-19 11:37:56.108499
First_Class,1.0,2024-09-19 11:37:56.108499
Alt_Checkpoint,,2024-09-19 11:37:56.108499
TSA_Pre,1.0,2024-09-19 11:50:58.119128
Main,2.0,2024-09-19 11:50:58.119128
First_Class,1.0,2024-09-19 11:50:58.119128
Alt_Checkpoint,,2024-09-19 11:50:58.119128
TSA_Pre,5.0,2024-09-19 12:33:21.024103
Main,5.0,2024-09-19 12:33:21.024103
First_Class,1.0,2024-09-19 12:33:21.024103
Alt_Checkpoint,,2024-09-19 12:33:21.024103
TSA_Pre,7.0,2024-09-19 13:04:43.001799
Main,11.0,2024-09-19 13:04:43.001799
First_Class,2.0,2024-09-19 13:04:43.001799
Alt_Checkpoint,,2024-09-19 13:04:43.001799
TSA_Pre,7.0,2024-09-19 13:32:07.989345
Main,9.0,2024-09-19 13:32:07.989345
First_Class,3.0,2024-09-19 13:32:07.989345
Alt_Checkpoint,,2024-09-19 13:32:07.989345
TSA_Pre,6.0,2024-09-19 13:51:15.784613
Main,6.0,2024-09-19 13:51:15.784613
First_Class,2.0,2024-09-19 13:51:15.784613
Alt_Checkpoint,,2024-09-19 13:51:15.784613
TSA_Pre,7.0,2024-09-19 14:15:43.329643
Main,9.0,2024-09-19 14:15:43.329643
First_Class,3.0,2024-09-19 14:15:43.329643
Alt_Checkpoint,,2024-09-19 14:15:43.329643
TSA_Pre,9.0,2024-09-19 14:39:47.578403
Main,15.0,2024-09-19 14:39:47.578403
First_Class,3.0,2024-09-19 14:39:47.578403
Alt_Checkpoint,,2024-09-19 14:39:47.578403
TSA_Pre,7.0,2024-09-19 14:50:59.626110
Main,13.0,2024-09-19 14:50:59.626110
First_Class,4.0,2024-09-19 14:50:59.626110
Alt_Checkpoint,,2024-09-19 14:50:59.626110
TSA_Pre,6.0,2024-09-19 15:18:20.171497
Main,20.0,2024-09-19 15:18:20.171497
First_Class,3.0,2024-09-19 15:18:20.171497
Alt_Checkpoint,,2024-09-19 15:18:20.171497
TSA_Pre,2.0,2024-09-19 15:38:41.921138
Main,23.0,2024-09-19 15:38:41.921138
First_Class,3.0,2024-09-19 15:38:41.921138
Alt_Checkpoint,,2024-09-19 15:38:41.921138
TSA_Pre,3.0,2024-09-19 15:51:04.497634
Main,17.0,2024-09-19 15:51:04.497634
First_Class,5.0,2024-09-19 15:51:04.497634
Alt_Checkpoint,,2024-09-19 15:51:04.497634
TSA_Pre,4,2024-09-19 16:21:05.407928
Main,9,2024-09-19 16:21:05.407928
First_Class,2,2024-09-19 16:21:05.407928
Alt_Checkpoint,2,2024-09-19 16:21:05.407928
TSA_Pre,3,2024-09-19 16:43:52.137277
Main,3,2024-09-19 16:43:52.137277
First_Class,3,2024-09-19 16:43:52.137277
Alt_Checkpoint,2,2024-09-19 16:43:52.137277
TSA_Pre,4,2024-09-19 16:54:19.849382
Main,6,2024-09-19 16:54:19.849382
First_Class,5,2024-09-19 16:54:19.849382
Alt_Checkpoint,2,2024-09-19 16:54:19.849382
TSA_Pre,1,2024-09-19 17:15:26.870093
Main,8,2024-09-19 17:15:26.870093
First_Class,1,2024-09-19 17:15:26.870093
Alt_Checkpoint,9,2024-09-19 17:15:26.870093
TSA_Pre,1,2024-09-19 17:31:19.202921
Main,8,2024-09-19 17:31:19.202921
First_Class,3,2024-09-19 17:31:19.202921
Alt_Checkpoint,2,2024-09-19 17:31:19.202921
TSA_Pre,1,2024-09-19 17:50:59.672002
Main,5,2024-09-19 17:50:59.672002
First_Class,2,2024-09-19 17:50:59.672002
Alt_Checkpoint,2,2024-09-19 17:50:59.672002
TSA_Pre,4,2024-09-19 18:22:41.621294
Main,8,2024-09-19 18:22:41.621294
First_Class,2,2024-09-19 18:22:41.621294
Alt_Checkpoint,4,2024-09-19 18:22:41.621294
TSA_Pre,5,2024-09-19 18:42:47.787263
Main,6,2024-09-19 18:42:47.787263
First_Class,2,2024-09-19 18:42:47.787263
Alt_Checkpoint,3,2024-09-19 18:42:47.787263
TSA_Pre,5,2024-09-19 18:53:21.587058
Main,2,2024-09-19 18:53:21.587058
First_Class,3,2024-09-19 18:53:21.587058
Alt_Checkpoint,2,2024-09-19 18:53:21.587058
TSA_Pre,6,2024-09-19 19:13:17.645753
Main,7,2024-09-19 19:13:17.645753
First_Class,3,2024-09-19 19:13:17.645753
Alt_Checkpoint,2,2024-09-19 19:13:17.645753
TSA_Pre,8,2024-09-19 19:23:59.513929
Main,8,2024-09-19 19:23:59.513929
First_Class,2,2024-09-19 19:23:59.513929
Alt_Checkpoint,3,2024-09-19 19:23:59.513929
TSA_Pre,11,2024-09-19 19:37:06.750833
Main,12,2024-09-19 19:37:06.750833
First_Class,3,2024-09-19 19:37:06.750833
Alt_Checkpoint,4,2024-09-19 19:37:06.750833
TSA_Pre,11,2024-09-19 19:50:51.748430
Main,13,2024-09-19 19:50:51.748430
First_Class,2,2024-09-19 19:50:51.748430
Alt_Checkpoint,20,2024-09-19 19:50:51.748430
TSA_Pre,10,2024-09-19 20:18:13.094916
Main,12,2024-09-19 20:18:13.094916
First_Class,4,2024-09-19 20:18:13.094916
Alt_Checkpoint,8,2024-09-19 20:18:13.094916
TSA_Pre,11,2024-09-19 20:37:55.490427
Main,12,2024-09-19 20:37:55.490427
First_Class,4,2024-09-19 20:37:55.490427
Alt_Checkpoint,9,2024-09-19 20:37:55.490427
TSA_Pre,10,2024-09-19 20:51:06.149082
Main,13,2024-09-19 20:51:06.149082
First_Class,2,2024-09-19 20:51:06.149082
Alt_Checkpoint,4,2024-09-19 20:51:06.149082
TSA_Pre,7,2024-09-19 21:15:50.400307
Main,13,2024-09-19 21:15:50.400307
First_Class,3,2024-09-19 21:15:50.400307
Alt_Checkpoint,8,2024-09-19 21:15:50.400307
TSA_Pre,5,2024-09-19 21:37:21.353244
Main,21,2024-09-19 21:37:21.353244
First_Class,2,2024-09-19 21:37:21.353244
Alt_Checkpoint,5,2024-09-19 21:37:21.353244
TSA_Pre,6,2024-09-19 21:51:01.361806
Main,14,2024-09-19 21:51:01.361806
First_Class,2,2024-09-19 21:51:01.361806
Alt_Checkpoint,20,2024-09-19 21:51:01.361806
TSA_Pre,7.0,2024-09-19 22:15:45.709658
Main,16.0,2024-09-19 22:15:45.709658
First_Class,4.0,2024-09-19 22:15:45.709658
Alt_Checkpoint,,2024-09-19 22:15:45.709658
TSA_Pre,3.0,2024-09-19 22:38:47.506929
Main,9.0,2024-09-19 22:38:47.506929
First_Class,4.0,2024-09-19 22:38:47.506929
Alt_Checkpoint,,2024-09-19 22:38:47.506929
TSA_Pre,1.0,2024-09-19 22:51:02.050232
Main,10.0,2024-09-19 22:51:02.050232
First_Class,1.0,2024-09-19 22:51:02.050232
Alt_Checkpoint,,2024-09-19 22:51:02.050232
TSA_Pre,1.0,2024-09-19 23:17:04.783453
Main,1.0,2024-09-19 23:17:04.783453
First_Class,1.0,2024-09-19 23:17:04.783453
Alt_Checkpoint,,2024-09-19 23:17:04.783453
TSA_Pre,1.0,2024-09-19 23:37:19.835477
Main,1.0,2024-09-19 23:37:19.835477
First_Class,1.0,2024-09-19 23:37:19.835477
Alt_Checkpoint,,2024-09-19 23:37:19.835477
TSA_Pre,1.0,2024-09-19 23:51:12.722334
Main,1.0,2024-09-19 23:51:12.722334
First_Class,1.0,2024-09-19 23:51:12.722334
Alt_Checkpoint,,2024-09-19 23:51:12.722334
TSA_Pre,1.0,2024-09-20 01:57:59.661135
Main,1.0,2024-09-20 01:57:59.661135
First_Class,2.0,2024-09-20 01:57:59.661135
Alt_Checkpoint,,2024-09-20 01:57:59.661135
TSA_Pre,1.0,2024-09-20 02:34:48.143465
Main,1.0,2024-09-20 02:34:48.143465
First_Class,1.0,2024-09-20 02:34:48.143465
Alt_Checkpoint,,2024-09-20 02:34:48.143465
TSA_Pre,1.0,2024-09-20 03:01:32.343175
Main,1.0,2024-09-20 03:01:32.343175
First_Class,1.0,2024-09-20 03:01:32.343175
Alt_Checkpoint,,2024-09-20 03:01:32.343175
TSA_Pre,1.0,2024-09-20 03:32:13.326052
Main,1.0,2024-09-20 03:32:13.326052
First_Class,1.0,2024-09-20 03:32:13.326052
Alt_Checkpoint,,2024-09-20 03:32:13.326052
TSA_Pre,1.0,2024-09-20 03:51:04.742393
Main,1.0,2024-09-20 03:51:04.742393
First_Class,1.0,2024-09-20 03:51:04.742393
Alt_Checkpoint,,2024-09-20 03:51:04.742393
TSA_Pre,1.0,2024-09-20 04:20:19.698926
Main,1.0,2024-09-20 04:20:19.698926
First_Class,1.0,2024-09-20 04:20:19.698926
Alt_Checkpoint,,2024-09-20 04:20:19.698926
TSA_Pre,1.0,2024-09-20 04:41:08.212558
Main,1.0,2024-09-20 04:41:08.212558
First_Class,1.0,2024-09-20 04:41:08.212558
Alt_Checkpoint,,2024-09-20 04:41:08.212558
TSA_Pre,1.0,2024-09-20 04:51:48.386289
Main,1.0,2024-09-20 04:51:48.386289
First_Class,1.0,2024-09-20 04:51:48.386289
Alt_Checkpoint,,2024-09-20 04:51:48.386289
TSA_Pre,1.0,2024-09-20 05:16:51.133600
Main,1.0,2024-09-20 05:16:51.133600
First_Class,1.0,2024-09-20 05:16:51.133600
Alt_Checkpoint,,2024-09-20 05:16:51.133600
TSA_Pre,1.0,2024-09-20 05:39:12.371614
Main,1.0,2024-09-20 05:39:12.371614
First_Class,1.0,2024-09-20 05:39:12.371614
Alt_Checkpoint,,2024-09-20 05:39:12.371614
TSA_Pre,1.0,2024-09-20 05:51:03.215432
Main,1.0,2024-09-20 05:51:03.215432
First_Class,1.0,2024-09-20 05:51:03.215432
Alt_Checkpoint,,2024-09-20 05:51:03.215432
TSA_Pre,1.0,2024-09-20 06:24:41.079234
Main,1.0,2024-09-20 06:24:41.079234
First_Class,1.0,2024-09-20 06:24:41.079234
Alt_Checkpoint,,2024-09-20 06:24:41.079234
TSA_Pre,1.0,2024-09-20 06:44:28.417588
Main,1.0,2024-09-20 06:44:28.417588
First_Class,1.0,2024-09-20 06:44:28.417588
Alt_Checkpoint,,2024-09-20 06:44:28.417588
TSA_Pre,1.0,2024-09-20 06:55:01.166306
Main,1.0,2024-09-20 06:55:01.166306
First_Class,1.0,2024-09-20 06:55:01.166306
Alt_Checkpoint,,2024-09-20 06:55:01.166306
TSA_Pre,1.0,2024-09-20 07:17:15.640054
Main,2.0,2024-09-20 07:17:15.640054
First_Class,1.0,2024-09-20 07:17:15.640054
Alt_Checkpoint,,2024-09-20 07:17:15.640054
TSA_Pre,1.0,2024-09-20 07:36:56.270706
Main,6.0,2024-09-20 07:36:56.270706
First_Class,1.0,2024-09-20 07:36:56.270706
Alt_Checkpoint,,2024-09-20 07:36:56.270706
TSA_Pre,1.0,2024-09-20 07:51:08.465551
Main,6.0,2024-09-20 07:51:08.465551
First_Class,3.0,2024-09-20 07:51:08.465551
Alt_Checkpoint,,2024-09-20 07:51:08.465551
TSA_Pre,3.0,2024-09-20 08:21:51.267569
Main,23.0,2024-09-20 08:21:51.267569
First_Class,1.0,2024-09-20 08:21:51.267569
Alt_Checkpoint,,2024-09-20 08:21:51.267569
TSA_Pre,1.0,2024-09-20 08:41:58.192800
Main,27.0,2024-09-20 08:41:58.192800
First_Class,2.0,2024-09-20 08:41:58.192800
Alt_Checkpoint,,2024-09-20 08:41:58.192800
TSA_Pre,2.0,2024-09-20 08:52:25.192318
Main,30.0,2024-09-20 08:52:25.192318
First_Class,1.0,2024-09-20 08:52:25.192318
Alt_Checkpoint,,2024-09-20 08:52:25.192318
TSA_Pre,2.0,2024-09-20 09:21:17.937153
Main,32.0,2024-09-20 09:21:17.937153
First_Class,2.0,2024-09-20 09:21:17.937153
Alt_Checkpoint,,2024-09-20 09:21:17.937153
TSA_Pre,1.0,2024-09-20 09:41:11.549254
Main,27.0,2024-09-20 09:41:11.549254
First_Class,1.0,2024-09-20 09:41:11.549254
Alt_Checkpoint,,2024-09-20 09:41:11.549254
TSA_Pre,1.0,2024-09-20 09:51:44.763360
Main,17.0,2024-09-20 09:51:44.763360
First_Class,2.0,2024-09-20 09:51:44.763360
Alt_Checkpoint,,2024-09-20 09:51:44.763360
TSA_Pre,2.0,2024-09-20 10:18:04.302795
Main,9.0,2024-09-20 10:18:04.302795
First_Class,2.0,2024-09-20 10:18:04.302795
Alt_Checkpoint,,2024-09-20 10:18:04.302795
TSA_Pre,1.0,2024-09-20 10:40:52.064017
Main,5.0,2024-09-20 10:40:52.064017
First_Class,1.0,2024-09-20 10:40:52.064017
Alt_Checkpoint,,2024-09-20 10:40:52.064017
TSA_Pre,1.0,2024-09-20 10:51:15.915113
Main,6.0,2024-09-20 10:51:15.915113
First_Class,1.0,2024-09-20 10:51:15.915113
Alt_Checkpoint,,2024-09-20 10:51:15.915113
TSA_Pre,1.0,2024-09-20 11:14:49.129403
Main,6.0,2024-09-20 11:14:49.129403
First_Class,1.0,2024-09-20 11:14:49.129403
Alt_Checkpoint,,2024-09-20 11:14:49.129403
TSA_Pre,1.0,2024-09-20 11:26:56.321283
Main,2.0,2024-09-20 11:26:56.321283
First_Class,1.0,2024-09-20 11:26:56.321283
Alt_Checkpoint,,2024-09-20 11:26:56.321283
TSA_Pre,1.0,2024-09-20 11:38:35.647919
Main,1.0,2024-09-20 11:38:35.647919
First_Class,1.0,2024-09-20 11:38:35.647919
Alt_Checkpoint,,2024-09-20 11:38:35.647919
TSA_Pre,1.0,2024-09-20 11:51:14.460233
Main,2.0,2024-09-20 11:51:14.460233
First_Class,2.0,2024-09-20 11:51:14.460233
Alt_Checkpoint,,2024-09-20 11:51:14.460233
TSA_Pre,4.0,2024-09-20 12:33:33.209303
Main,16.0,2024-09-20 12:33:33.209303
First_Class,1.0,2024-09-20 12:33:33.209303
Alt_Checkpoint,,2024-09-20 12:33:33.209303
TSA_Pre,5.0,2024-09-20 13:04:02.717694
Main,12.0,2024-09-20 13:04:02.717694
First_Class,2.0,2024-09-20 13:04:02.717694
Alt_Checkpoint,,2024-09-20 13:04:02.717694
TSA_Pre,6,2024-09-20 13:31:22.332418
Main,14,2024-09-20 13:31:22.332418
First_Class,2,2024-09-20 13:31:22.332418
Alt_Checkpoint,2,2024-09-20 13:31:22.332418
TSA_Pre,9,2024-09-20 13:51:12.725277
Main,10,2024-09-20 13:51:12.725277
First_Class,2,2024-09-20 13:51:12.725277
Alt_Checkpoint,3,2024-09-20 13:51:12.725277
TSA_Pre,7,2024-09-20 14:16:21.399976
Main,9,2024-09-20 14:16:21.399976
First_Class,3,2024-09-20 14:16:21.399976
Alt_Checkpoint,3,2024-09-20 14:16:21.399976
TSA_Pre,2,2024-09-20 14:38:58.536097
Main,7,2024-09-20 14:38:58.536097
First_Class,1,2024-09-20 14:38:58.536097
Alt_Checkpoint,2,2024-09-20 14:38:58.536097
TSA_Pre,1,2024-09-20 14:51:03.227986
Main,6,2024-09-20 14:51:03.227986
First_Class,1,2024-09-20 14:51:03.227986
Alt_Checkpoint,2,2024-09-20 14:51:03.227986
TSA_Pre,9.0,2024-09-20 15:18:09.243084
Main,9.0,2024-09-20 15:18:09.243084
First_Class,4.0,2024-09-20 15:18:09.243084
Alt_Checkpoint,,2024-09-20 15:18:09.243084
TSA_Pre,10.0,2024-09-20 15:38:37.805539
Main,7.0,2024-09-20 15:38:37.805539
First_Class,3.0,2024-09-20 15:38:37.805539
Alt_Checkpoint,,2024-09-20 15:38:37.805539
TSA_Pre,6.0,2024-09-20 15:51:07.159478
Main,7.0,2024-09-20 15:51:07.159478
First_Class,2.0,2024-09-20 15:51:07.159478
Alt_Checkpoint,,2024-09-20 15:51:07.159478
TSA_Pre,2.0,2024-09-20 16:20:46.668055
Main,3.0,2024-09-20 16:20:46.668055
First_Class,1.0,2024-09-20 16:20:46.668055
Alt_Checkpoint,,2024-09-20 16:20:46.668055
TSA_Pre,2,2024-09-20 16:27:11.008585
Main,3,2024-09-20 16:27:11.008585
First_Class,1,2024-09-20 16:27:11.008585
Alt_Checkpoint,2,2024-09-20 16:27:11.008585
TSA_Pre,1,2024-09-20 16:43:42.966349
Main,6,2024-09-20 16:43:42.966349
First_Class,1,2024-09-20 16:43:42.966349
Alt_Checkpoint,2,2024-09-20 16:43:42.966349
TSA_Pre,2,2024-09-20 16:54:05.365993
Main,1,2024-09-20 16:54:05.365993
First_Class,2,2024-09-20 16:54:05.365993
Alt_Checkpoint,2,2024-09-20 16:54:05.365993
TSA_Pre,2,2024-09-20 17:14:50.820686
Main,3,2024-09-20 17:14:50.820686
First_Class,2,2024-09-20 17:14:50.820686
Alt_Checkpoint,2,2024-09-20 17:14:50.820686
TSA_Pre,3,2024-09-20 17:30:43.235284
Main,8,2024-09-20 17:30:43.235284
First_Class,1,2024-09-20 17:30:43.235284
Alt_Checkpoint,3,2024-09-20 17:30:43.235284
TSA_Pre,1,2024-09-20 13:39:40.319836
Main,10,2024-09-20 13:39:40.319836
First_Class,1,2024-09-20 13:39:40.319836
Alt_Checkpoint,3,2024-09-20 13:39:40.319836
TSA_Pre,2,2024-09-20 13:41:20.104955
Main,11,2024-09-20 13:41:20.104955
First_Class,2,2024-09-20 13:41:20.104955
Alt_Checkpoint,3,2024-09-20 13:41:20.104955
TSA_Pre,3,2024-09-20 17:51:19.907143
Main,8,2024-09-20 17:51:19.907143
First_Class,2,2024-09-20 17:51:19.907143
Alt_Checkpoint,2,2024-09-20 17:51:19.907143
TSA_Pre,1,2024-09-20 18:23:18.319208
Main,7,2024-09-20 18:23:18.319208
First_Class,2,2024-09-20 18:23:18.319208
Alt_Checkpoint,3,2024-09-20 18:23:18.319208
TSA_Pre,2,2024-09-20 18:43:23.606208
Main,4,2024-09-20 18:43:23.606208
First_Class,2,2024-09-20 18:43:23.606208
Alt_Checkpoint,3,2024-09-20 18:43:23.606208
TSA_Pre,1,2024-09-20 18:54:07.456660
Main,2,2024-09-20 18:54:07.456660
First_Class,1,2024-09-20 18:54:07.456660
Alt_Checkpoint,2,2024-09-20 18:54:07.456660
TSA_Pre,2,2024-09-20 19:14:33.486651
Main,11,2024-09-20 19:14:33.486651
First_Class,2,2024-09-20 19:14:33.486651
Alt_Checkpoint,2,2024-09-20 19:14:33.486651
TSA_Pre,3,2024-09-20 19:25:12.539405
Main,5,2024-09-20 19:25:12.539405
First_Class,1,2024-09-20 19:25:12.539405
Alt_Checkpoint,2,2024-09-20 19:25:12.539405
TSA_Pre,5,2024-09-20 19:36:56.521120
Main,5,2024-09-20 19:36:56.521120
First_Class,2,2024-09-20 19:36:56.521120
Alt_Checkpoint,2,2024-09-20 19:36:56.521120
TSA_Pre,5,2024-09-20 19:51:18.769135
Main,7,2024-09-20 19:51:18.769135
First_Class,1,2024-09-20 19:51:18.769135
Alt_Checkpoint,2,2024-09-20 19:51:18.769135
TSA_Pre,1,2024-09-20 20:19:14.740973
Main,6,2024-09-20 20:19:14.740973
First_Class,1,2024-09-20 20:19:14.740973
Alt_Checkpoint,2,2024-09-20 20:19:14.740973
TSA_Pre,6,2024-09-20 20:38:35.613741
Main,12,2024-09-20 20:38:35.613741
First_Class,2,2024-09-20 20:38:35.613741
Alt_Checkpoint,2,2024-09-20 20:38:35.613741
TSA_Pre,1,2024-09-20 20:50:57.973961
Main,9,2024-09-20 20:50:57.973961
First_Class,2,2024-09-20 20:50:57.973961
Alt_Checkpoint,2,2024-09-20 20:50:57.973961
TSA_Pre,5,2024-09-20 21:15:50.370471
Main,9,2024-09-20 21:15:50.370471
First_Class,2,2024-09-20 21:15:50.370471
Alt_Checkpoint,2,2024-09-20 21:15:50.370471
TSA_Pre,2,2024-09-20 21:36:37.712615
Main,7,2024-09-20 21:36:37.712615
First_Class,1,2024-09-20 21:36:37.712615
Alt_Checkpoint,2,2024-09-20 21:36:37.712615
TSA_Pre,4.0,2024-09-20 21:51:19.007531
Main,7.0,2024-09-20 21:51:19.007531
First_Class,2.0,2024-09-20 21:51:19.007531
Alt_Checkpoint,,2024-09-20 21:51:19.007531
TSA_Pre,1.0,2024-09-20 22:17:35.924558
Main,8.0,2024-09-20 22:17:35.924558
First_Class,1.0,2024-09-20 22:17:35.924558
Alt_Checkpoint,,2024-09-20 22:17:35.924558
TSA_Pre,2.0,2024-09-20 22:40:50.530072
Main,9.0,2024-09-20 22:40:50.530072
First_Class,2.0,2024-09-20 22:40:50.530072
Alt_Checkpoint,,2024-09-20 22:40:50.530072
TSA_Pre,1.0,2024-09-20 22:51:12.103085
Main,7.0,2024-09-20 22:51:12.103085
First_Class,1.0,2024-09-20 22:51:12.103085
Alt_Checkpoint,,2024-09-20 22:51:12.103085
TSA_Pre,1.0,2024-09-20 23:16:15.619231
Main,1.0,2024-09-20 23:16:15.619231
First_Class,2.0,2024-09-20 23:16:15.619231
Alt_Checkpoint,,2024-09-20 23:16:15.619231
TSA_Pre,1.0,2024-09-20 23:37:11.659602
Main,2.0,2024-09-20 23:37:11.659602
First_Class,2.0,2024-09-20 23:37:11.659602
Alt_Checkpoint,,2024-09-20 23:37:11.659602
TSA_Pre,1.0,2024-09-20 23:50:49.759040
Main,2.0,2024-09-20 23:50:49.759040
First_Class,1.0,2024-09-20 23:50:49.759040
Alt_Checkpoint,,2024-09-20 23:50:49.759040
TSA_Pre,1.0,2024-09-21 01:15:44.093174
Main,1.0,2024-09-21 01:15:44.093174
First_Class,1.0,2024-09-21 01:15:44.093174
Alt_Checkpoint,,2024-09-21 01:15:44.093174
TSA_Pre,1.0,2024-09-21 02:31:55.017808
Main,1.0,2024-09-21 02:31:55.017808
First_Class,1.0,2024-09-21 02:31:55.017808
Alt_Checkpoint,,2024-09-21 02:31:55.017808
TSA_Pre,,2024-09-21 03:00:15.785195
Main,1.0,2024-09-21 03:00:15.785195
First_Class,1.0,2024-09-21 03:00:15.785195
Alt_Checkpoint,,2024-09-21 03:00:15.785195
TSA_Pre,1.0,2024-09-21 03:25:04.228684
Main,1.0,2024-09-21 03:25:04.228684
First_Class,1.0,2024-09-21 03:25:04.228684
Alt_Checkpoint,,2024-09-21 03:25:04.228684
TSA_Pre,1.0,2024-09-21 03:39:04.729400
Main,1.0,2024-09-21 03:39:04.729400
First_Class,1.0,2024-09-21 03:39:04.729400
Alt_Checkpoint,,2024-09-21 03:39:04.729400
TSA_Pre,1.0,2024-09-21 03:51:09.911413
Main,1.0,2024-09-21 03:51:09.911413
First_Class,1.0,2024-09-21 03:51:09.911413
Alt_Checkpoint,,2024-09-21 03:51:09.911413
TSA_Pre,1.0,2024-09-21 04:19:44.705263
Main,1.0,2024-09-21 04:19:44.705263
First_Class,1.0,2024-09-21 04:19:44.705263
Alt_Checkpoint,,2024-09-21 04:19:44.705263
TSA_Pre,1.0,2024-09-21 04:40:50.327985
Main,1.0,2024-09-21 04:40:50.327985
First_Class,1.0,2024-09-21 04:40:50.327985
Alt_Checkpoint,,2024-09-21 04:40:50.327985
TSA_Pre,1.0,2024-09-21 04:51:26.250780
Main,1.0,2024-09-21 04:51:26.250780
First_Class,1.0,2024-09-21 04:51:26.250780
Alt_Checkpoint,,2024-09-21 04:51:26.250780
TSA_Pre,1.0,2024-09-21 05:16:43.761157
Main,1.0,2024-09-21 05:16:43.761157
First_Class,1.0,2024-09-21 05:16:43.761157
Alt_Checkpoint,,2024-09-21 05:16:43.761157
TSA_Pre,1.0,2024-09-21 05:38:59.268604
Main,1.0,2024-09-21 05:38:59.268604
First_Class,1.0,2024-09-21 05:38:59.268604
Alt_Checkpoint,,2024-09-21 05:38:59.268604
TSA_Pre,1.0,2024-09-21 05:51:16.972979
Main,1.0,2024-09-21 05:51:16.972979
First_Class,1.0,2024-09-21 05:51:16.972979
Alt_Checkpoint,,2024-09-21 05:51:16.972979
TSA_Pre,1.0,2024-09-21 06:22:26.860738
Main,1.0,2024-09-21 06:22:26.860738
First_Class,1.0,2024-09-21 06:22:26.860738
Alt_Checkpoint,,2024-09-21 06:22:26.860738
TSA_Pre,1.0,2024-09-21 06:41:57.601755
Main,1.0,2024-09-21 06:41:57.601755
First_Class,1.0,2024-09-21 06:41:57.601755
Alt_Checkpoint,,2024-09-21 06:41:57.601755
TSA_Pre,1.0,2024-09-21 06:52:16.174975
Main,1.0,2024-09-21 06:52:16.174975
First_Class,1.0,2024-09-21 06:52:16.174975
Alt_Checkpoint,,2024-09-21 06:52:16.174975
TSA_Pre,1.0,2024-09-21 07:15:05.440587
Main,1.0,2024-09-21 07:15:05.440587
First_Class,1.0,2024-09-21 07:15:05.440587
Alt_Checkpoint,,2024-09-21 07:15:05.440587
TSA_Pre,1.0,2024-09-21 07:26:53.564689
Main,1.0,2024-09-21 07:26:53.564689
First_Class,1.0,2024-09-21 07:26:53.564689
Alt_Checkpoint,,2024-09-21 07:26:53.564689
TSA_Pre,1.0,2024-09-21 07:38:11.145923
Main,1.0,2024-09-21 07:38:11.145923
First_Class,2.0,2024-09-21 07:38:11.145923
Alt_Checkpoint,,2024-09-21 07:38:11.145923
TSA_Pre,1.0,2024-09-21 07:51:01.203447
Main,1.0,2024-09-21 07:51:01.203447
First_Class,1.0,2024-09-21 07:51:01.203447
Alt_Checkpoint,,2024-09-21 07:51:01.203447
TSA_Pre,4,2024-09-21 08:19:52.283231
Main,12,2024-09-21 08:19:52.283231
First_Class,1,2024-09-21 08:19:52.283231
Alt_Checkpoint,2,2024-09-21 08:19:52.283231
TSA_Pre,1,2024-09-21 08:39:42.472533
Main,10,2024-09-21 08:39:42.472533
First_Class,2,2024-09-21 08:39:42.472533
Alt_Checkpoint,8,2024-09-21 08:39:42.472533
TSA_Pre,6,2024-09-21 08:50:55.029211
Main,12,2024-09-21 08:50:55.029211
First_Class,3,2024-09-21 08:50:55.029211
Alt_Checkpoint,2,2024-09-21 08:50:55.029211
TSA_Pre,1.0,2024-09-21 09:16:15.892583
Main,24.0,2024-09-21 09:16:15.892583
First_Class,4.0,2024-09-21 09:16:15.892583
Alt_Checkpoint,,2024-09-21 09:16:15.892583
TSA_Pre,1.0,2024-09-21 09:36:30.129986
Main,32.0,2024-09-21 09:36:30.129986
First_Class,2.0,2024-09-21 09:36:30.129986
Alt_Checkpoint,,2024-09-21 09:36:30.129986
TSA_Pre,2.0,2024-09-21 09:51:25.907626
Main,34.0,2024-09-21 09:51:25.907626
First_Class,2.0,2024-09-21 09:51:25.907626
Alt_Checkpoint,,2024-09-21 09:51:25.907626
TSA_Pre,1.0,2024-09-21 10:16:25.765070
Main,30.0,2024-09-21 10:16:25.765070
First_Class,1.0,2024-09-21 10:16:25.765070
Alt_Checkpoint,,2024-09-21 10:16:25.765070
TSA_Pre,2.0,2024-09-21 10:38:42.220398
Main,12.0,2024-09-21 10:38:42.220398
First_Class,2.0,2024-09-21 10:38:42.220398
Alt_Checkpoint,,2024-09-21 10:38:42.220398
TSA_Pre,4.0,2024-09-21 10:51:00.431258
Main,5.0,2024-09-21 10:51:00.431258
First_Class,2.0,2024-09-21 10:51:00.431258
Alt_Checkpoint,,2024-09-21 10:51:00.431258
TSA_Pre,3.0,2024-09-21 11:13:06.681573
Main,5.0,2024-09-21 11:13:06.681573
First_Class,1.0,2024-09-21 11:13:06.681573
Alt_Checkpoint,,2024-09-21 11:13:06.681573
TSA_Pre,2.0,2024-09-21 11:24:18.292127
Main,8.0,2024-09-21 11:24:18.292127
First_Class,2.0,2024-09-21 11:24:18.292127
Alt_Checkpoint,,2024-09-21 11:24:18.292127
TSA_Pre,3.0,2024-09-21 11:37:05.893010
Main,10.0,2024-09-21 11:37:05.893010
First_Class,2.0,2024-09-21 11:37:05.893010
Alt_Checkpoint,,2024-09-21 11:37:05.893010
TSA_Pre,4.0,2024-09-21 11:51:22.898693
Main,3.0,2024-09-21 11:51:22.898693
First_Class,1.0,2024-09-21 11:51:22.898693
Alt_Checkpoint,,2024-09-21 11:51:22.898693
TSA_Pre,2.0,2024-09-21 12:30:41.157640
Main,6.0,2024-09-21 12:30:41.157640
First_Class,1.0,2024-09-21 12:30:41.157640
Alt_Checkpoint,,2024-09-21 12:30:41.157640
TSA_Pre,4.0,2024-09-21 12:57:34.917507
Main,8.0,2024-09-21 12:57:34.917507
First_Class,1.0,2024-09-21 12:57:34.917507
Alt_Checkpoint,,2024-09-21 12:57:34.917507
TSA_Pre,3.0,2024-09-21 13:22:39.432023
Main,3.0,2024-09-21 13:22:39.432023
First_Class,1.0,2024-09-21 13:22:39.432023
Alt_Checkpoint,,2024-09-21 13:22:39.432023
TSA_Pre,2.0,2024-09-21 13:36:44.601707
Main,5.0,2024-09-21 13:36:44.601707
First_Class,1.0,2024-09-21 13:36:44.601707
Alt_Checkpoint,,2024-09-21 13:36:44.601707
TSA_Pre,2.0,2024-09-21 13:50:54.528547
Main,2.0,2024-09-21 13:50:54.528547
First_Class,1.0,2024-09-21 13:50:54.528547
Alt_Checkpoint,,2024-09-21 13:50:54.528547
TSA_Pre,3.0,2024-09-21 14:14:04.458960
Main,3.0,2024-09-21 14:14:04.458960
First_Class,2.0,2024-09-21 14:14:04.458960
Alt_Checkpoint,,2024-09-21 14:14:04.458960
TSA_Pre,4.0,2024-09-21 14:30:30.961281
Main,1.0,2024-09-21 14:30:30.961281
First_Class,2.0,2024-09-21 14:30:30.961281
Alt_Checkpoint,,2024-09-21 14:30:30.961281
TSA_Pre,3.0,2024-09-21 14:40:48.106772
Main,5.0,2024-09-21 14:40:48.106772
First_Class,1.0,2024-09-21 14:40:48.106772
Alt_Checkpoint,,2024-09-21 14:40:48.106772
TSA_Pre,4.0,2024-09-21 14:51:26.270042
Main,8.0,2024-09-21 14:51:26.270042
First_Class,1.0,2024-09-21 14:51:26.270042
Alt_Checkpoint,,2024-09-21 14:51:26.270042
TSA_Pre,,2024-09-21 15:18:11.906981
Main,3.0,2024-09-21 15:18:11.906981
First_Class,3.0,2024-09-21 15:18:11.906981
Alt_Checkpoint,,2024-09-21 15:18:11.906981
TSA_Pre,4.0,2024-09-21 15:38:06.057425
Main,2.0,2024-09-21 15:38:06.057425
First_Class,2.0,2024-09-21 15:38:06.057425
Alt_Checkpoint,,2024-09-21 15:38:06.057425
TSA_Pre,4.0,2024-09-21 15:50:56.019395
Main,2.0,2024-09-21 15:50:56.019395
First_Class,3.0,2024-09-21 15:50:56.019395
Alt_Checkpoint,,2024-09-21 15:50:56.019395
TSA_Pre,5.0,2024-09-21 16:20:43.697886
Main,3.0,2024-09-21 16:20:43.697886
First_Class,1.0,2024-09-21 16:20:43.697886
Alt_Checkpoint,,2024-09-21 16:20:43.697886
TSA_Pre,1.0,2024-09-21 16:42:30.128
Main,5.0,2024-09-21 16:42:30.128
First_Class,2.0,2024-09-21 16:42:30.128
Alt_Checkpoint,,2024-09-21 16:42:30.128
TSA_Pre,1.0,2024-09-21 16:53:09.072983
Main,9.0,2024-09-21 16:53:09.072983
First_Class,3.0,2024-09-21 16:53:09.072983
Alt_Checkpoint,,2024-09-21 16:53:09.072983
TSA_Pre,1.0,2024-09-21 17:16:18.384763
Main,7.0,2024-09-21 17:16:18.384763
First_Class,2.0,2024-09-21 17:16:18.384763
Alt_Checkpoint,,2024-09-21 17:16:18.384763
TSA_Pre,2.0,2024-09-21 17:38:49.108074
Main,2.0,2024-09-21 17:38:49.108074
First_Class,1.0,2024-09-21 17:38:49.108074
Alt_Checkpoint,,2024-09-21 17:38:49.108074
TSA_Pre,1.0,2024-09-21 17:51:11.828244
Main,1.0,2024-09-21 17:51:11.828244
First_Class,1.0,2024-09-21 17:51:11.828244
Alt_Checkpoint,,2024-09-21 17:51:11.828244
TSA_Pre,3.0,2024-09-21 18:21:55.433501
Main,2.0,2024-09-21 18:21:55.433501
First_Class,1.0,2024-09-21 18:21:55.433501
Alt_Checkpoint,,2024-09-21 18:21:55.433501
TSA_Pre,2.0,2024-09-21 18:41:02.926882
Main,2.0,2024-09-21 18:41:02.926882
First_Class,1.0,2024-09-21 18:41:02.926882
Alt_Checkpoint,,2024-09-21 18:41:02.926882
TSA_Pre,3.0,2024-09-21 18:51:44.375106
Main,2.0,2024-09-21 18:51:44.375106
First_Class,2.0,2024-09-21 18:51:44.375106
Alt_Checkpoint,,2024-09-21 18:51:44.375106
TSA_Pre,2.0,2024-09-21 19:13:10.526174
Main,1.0,2024-09-21 19:13:10.526174
First_Class,1.0,2024-09-21 19:13:10.526174
Alt_Checkpoint,,2024-09-21 19:13:10.526174
TSA_Pre,1.0,2024-09-21 19:24:13.058175
Main,1.0,2024-09-21 19:24:13.058175
First_Class,2.0,2024-09-21 19:24:13.058175
Alt_Checkpoint,,2024-09-21 19:24:13.058175
TSA_Pre,1.0,2024-09-21 19:36:49.936534
Main,5.0,2024-09-21 19:36:49.936534
First_Class,1.0,2024-09-21 19:36:49.936534
Alt_Checkpoint,,2024-09-21 19:36:49.936534
TSA_Pre,1.0,2024-09-21 19:50:53.412388
Main,2.0,2024-09-21 19:50:53.412388
First_Class,1.0,2024-09-21 19:50:53.412388
Alt_Checkpoint,,2024-09-21 19:50:53.412388
TSA_Pre,3.0,2024-09-21 20:17:07.439706
Main,2.0,2024-09-21 20:17:07.439706
First_Class,2.0,2024-09-21 20:17:07.439706
Alt_Checkpoint,,2024-09-21 20:17:07.439706
TSA_Pre,2.0,2024-09-21 20:36:48.944317
Main,1.0,2024-09-21 20:36:48.944317
First_Class,1.0,2024-09-21 20:36:48.944317
Alt_Checkpoint,,2024-09-21 20:36:48.944317
TSA_Pre,2.0,2024-09-21 20:51:27.223760
Main,1.0,2024-09-21 20:51:27.223760
First_Class,1.0,2024-09-21 20:51:27.223760
Alt_Checkpoint,,2024-09-21 20:51:27.223760
TSA_Pre,1.0,2024-09-21 21:14:42.413523
Main,3.0,2024-09-21 21:14:42.413523
First_Class,2.0,2024-09-21 21:14:42.413523
Alt_Checkpoint,,2024-09-21 21:14:42.413523
TSA_Pre,1.0,2024-09-21 21:27:22.677907
Main,1.0,2024-09-21 21:27:22.677907
First_Class,2.0,2024-09-21 21:27:22.677907
Alt_Checkpoint,,2024-09-21 21:27:22.677907
TSA_Pre,1.0,2024-09-21 21:39:11.161032
Main,2.0,2024-09-21 21:39:11.161032
First_Class,1.0,2024-09-21 21:39:11.161032
Alt_Checkpoint,,2024-09-21 21:39:11.161032
TSA_Pre,1.0,2024-09-21 21:51:03.529134
Main,1.0,2024-09-21 21:51:03.529134
First_Class,1.0,2024-09-21 21:51:03.529134
Alt_Checkpoint,,2024-09-21 21:51:03.529134
TSA_Pre,1.0,2024-09-21 22:15:20.057978
Main,1.0,2024-09-21 22:15:20.057978
First_Class,1.0,2024-09-21 22:15:20.057978
Alt_Checkpoint,,2024-09-21 22:15:20.057978
TSA_Pre,1.0,2024-09-21 22:32:04.952094
Main,1.0,2024-09-21 22:32:04.952094
First_Class,1.0,2024-09-21 22:32:04.952094
Alt_Checkpoint,,2024-09-21 22:32:04.952094
TSA_Pre,1.0,2024-09-21 22:50:53.948003
Main,1.0,2024-09-21 22:50:53.948003
First_Class,1.0,2024-09-21 22:50:53.948003
Alt_Checkpoint,,2024-09-21 22:50:53.948003
TSA_Pre,1.0,2024-09-21 23:15:40.072525
Main,1.0,2024-09-21 23:15:40.072525
First_Class,1.0,2024-09-21 23:15:40.072525
Alt_Checkpoint,,2024-09-21 23:15:40.072525
TSA_Pre,1.0,2024-09-21 23:36:58.616338
Main,1.0,2024-09-21 23:36:58.616338
First_Class,1.0,2024-09-21 23:36:58.616338
Alt_Checkpoint,,2024-09-21 23:36:58.616338
TSA_Pre,1.0,2024-09-21 23:51:12.942284
Main,1.0,2024-09-21 23:51:12.942284
First_Class,1.0,2024-09-21 23:51:12.942284
Alt_Checkpoint,,2024-09-21 23:51:12.942284
TSA_Pre,1.0,2024-09-22 01:24:15.397033
Main,1.0,2024-09-22 01:24:15.397033
First_Class,1.0,2024-09-22 01:24:15.397033
Alt_Checkpoint,,2024-09-22 01:24:15.397033
TSA_Pre,1.0,2024-09-22 02:41:07.452022
Main,1.0,2024-09-22 02:41:07.452022
First_Class,1.0,2024-09-22 02:41:07.452022
Alt_Checkpoint,,2024-09-22 02:41:07.452022
TSA_Pre,1.0,2024-09-22 03:13:19.824818
Main,1.0,2024-09-22 03:13:19.824818
First_Class,1.0,2024-09-22 03:13:19.824818
Alt_Checkpoint,,2024-09-22 03:13:19.824818
TSA_Pre,1.0,2024-09-22 03:36:08.218389
Main,1.0,2024-09-22 03:36:08.218389
First_Class,1.0,2024-09-22 03:36:08.218389
Alt_Checkpoint,,2024-09-22 03:36:08.218389
TSA_Pre,1.0,2024-09-22 03:50:56.671113
Main,1.0,2024-09-22 03:50:56.671113
First_Class,1.0,2024-09-22 03:50:56.671113
Alt_Checkpoint,,2024-09-22 03:50:56.671113
TSA_Pre,1.0,2024-09-22 04:22:27.981071
Main,1.0,2024-09-22 04:22:27.981071
First_Class,1.0,2024-09-22 04:22:27.981071
Alt_Checkpoint,,2024-09-22 04:22:27.981071
TSA_Pre,1.0,2024-09-22 04:42:29.093796
Main,1.0,2024-09-22 04:42:29.093796
First_Class,1.0,2024-09-22 04:42:29.093796
Alt_Checkpoint,,2024-09-22 04:42:29.093796
TSA_Pre,1.0,2024-09-22 04:52:53.468549
Main,1.0,2024-09-22 04:52:53.468549
First_Class,1.0,2024-09-22 04:52:53.468549
Alt_Checkpoint,,2024-09-22 04:52:53.468549
TSA_Pre,1.0,2024-09-22 05:16:26.850774
Main,1.0,2024-09-22 05:16:26.850774
First_Class,1.0,2024-09-22 05:16:26.850774
Alt_Checkpoint,,2024-09-22 05:16:26.850774
TSA_Pre,1.0,2024-09-22 05:38:23.005577
Main,1.0,2024-09-22 05:38:23.005577
First_Class,1.0,2024-09-22 05:38:23.005577
Alt_Checkpoint,,2024-09-22 05:38:23.005577
TSA_Pre,1.0,2024-09-22 05:51:01.842317
Main,1.0,2024-09-22 05:51:01.842317
First_Class,1.0,2024-09-22 05:51:01.842317
Alt_Checkpoint,,2024-09-22 05:51:01.842317
TSA_Pre,1.0,2024-09-22 06:22:19.096029
Main,1.0,2024-09-22 06:22:19.096029
First_Class,1.0,2024-09-22 06:22:19.096029
Alt_Checkpoint,,2024-09-22 06:22:19.096029
TSA_Pre,1.0,2024-09-22 06:42:57.131957
Main,1.0,2024-09-22 06:42:57.131957
First_Class,1.0,2024-09-22 06:42:57.131957
Alt_Checkpoint,,2024-09-22 06:42:57.131957
TSA_Pre,1.0,2024-09-22 06:53:24.585282
Main,1.0,2024-09-22 06:53:24.585282
First_Class,1.0,2024-09-22 06:53:24.585282
Alt_Checkpoint,,2024-09-22 06:53:24.585282
TSA_Pre,1.0,2024-09-22 07:15:09.034002
Main,2.0,2024-09-22 07:15:09.034002
First_Class,1.0,2024-09-22 07:15:09.034002
Alt_Checkpoint,,2024-09-22 07:15:09.034002
TSA_Pre,1.0,2024-09-22 07:26:29.168631
Main,2.0,2024-09-22 07:26:29.168631
First_Class,1.0,2024-09-22 07:26:29.168631
Alt_Checkpoint,,2024-09-22 07:26:29.168631
TSA_Pre,1.0,2024-09-22 07:37:33.564415
Main,3.0,2024-09-22 07:37:33.564415
First_Class,1.0,2024-09-22 07:37:33.564415
Alt_Checkpoint,,2024-09-22 07:37:33.564415
TSA_Pre,1.0,2024-09-22 07:50:47.667465
Main,5.0,2024-09-22 07:50:47.667465
First_Class,1.0,2024-09-22 07:50:47.667465
Alt_Checkpoint,,2024-09-22 07:50:47.667465
TSA_Pre,6.0,2024-09-22 08:19:36.449292
Main,22.0,2024-09-22 08:19:36.449292
First_Class,2.0,2024-09-22 08:19:36.449292
Alt_Checkpoint,,2024-09-22 08:19:36.449292
TSA_Pre,4,2024-09-22 08:39:59.498283
Main,22,2024-09-22 08:39:59.498283
First_Class,2,2024-09-22 08:39:59.498283
Alt_Checkpoint,6,2024-09-22 08:39:59.498283
TSA_Pre,6,2024-09-22 08:50:50.409416
Main,20,2024-09-22 08:50:50.409416
First_Class,1,2024-09-22 08:50:50.409416
Alt_Checkpoint,7,2024-09-22 08:50:50.409416
TSA_Pre,7,2024-09-22 09:16:17.401558
Main,24,2024-09-22 09:16:17.401558
First_Class,4,2024-09-22 09:16:17.401558
Alt_Checkpoint,8,2024-09-22 09:16:17.401558
TSA_Pre,1,2024-09-22 09:36:40.637357
Main,31,2024-09-22 09:36:40.637357
First_Class,3,2024-09-22 09:36:40.637357
Alt_Checkpoint,2,2024-09-22 09:36:40.637357
TSA_Pre,1,2024-09-22 09:50:55.376988
Main,3,2024-09-22 09:50:55.376988
First_Class,1,2024-09-22 09:50:55.376988
Alt_Checkpoint,52,2024-09-22 09:50:55.376988
TSA_Pre,1.0,2024-09-22 10:16:44.159551
Main,26.0,2024-09-22 10:16:44.159551
First_Class,2.0,2024-09-22 10:16:44.159551
Alt_Checkpoint,,2024-09-22 10:16:44.159551
TSA_Pre,6.0,2024-09-22 10:39:04.699202
Main,33.0,2024-09-22 10:39:04.699202
First_Class,1.0,2024-09-22 10:39:04.699202
Alt_Checkpoint,,2024-09-22 10:39:04.699202
TSA_Pre,5,2024-09-22 10:50:57.068326
Main,20,2024-09-22 10:50:57.068326
First_Class,2,2024-09-22 10:50:57.068326
Alt_Checkpoint,2,2024-09-22 10:50:57.068326
TSA_Pre,4.0,2024-09-22 11:13:00.207825
Main,11.0,2024-09-22 11:13:00.207825
First_Class,2.0,2024-09-22 11:13:00.207825
Alt_Checkpoint,,2024-09-22 11:13:00.207825
TSA_Pre,2.0,2024-09-22 11:24:12.124629
Main,7.0,2024-09-22 11:24:12.124629
First_Class,1.0,2024-09-22 11:24:12.124629
Alt_Checkpoint,,2024-09-22 11:24:12.124629
TSA_Pre,3.0,2024-09-22 11:37:45.500286
Main,2.0,2024-09-22 11:37:45.500286
First_Class,2.0,2024-09-22 11:37:45.500286
Alt_Checkpoint,,2024-09-22 11:37:45.500286
TSA_Pre,2.0,2024-09-22 11:51:14.755290
Main,2.0,2024-09-22 11:51:14.755290
First_Class,1.0,2024-09-22 11:51:14.755290
Alt_Checkpoint,,2024-09-22 11:51:14.755290
TSA_Pre,6.0,2024-09-22 12:30:57.560498
Main,10.0,2024-09-22 12:30:57.560498
First_Class,1.0,2024-09-22 12:30:57.560498
Alt_Checkpoint,,2024-09-22 12:30:57.560498
TSA_Pre,8.0,2024-09-22 13:01:41.082925
Main,10.0,2024-09-22 13:01:41.082925
First_Class,3.0,2024-09-22 13:01:41.082925
Alt_Checkpoint,,2024-09-22 13:01:41.082925
TSA_Pre,10.0,2024-09-22 13:28:44.608829
Main,10.0,2024-09-22 13:28:44.608829
First_Class,1.0,2024-09-22 13:28:44.608829
Alt_Checkpoint,,2024-09-22 13:28:44.608829
TSA_Pre,9.0,2024-09-22 13:39:17.348208
Main,11.0,2024-09-22 13:39:17.348208
First_Class,1.0,2024-09-22 13:39:17.348208
Alt_Checkpoint,,2024-09-22 13:39:17.348208
TSA_Pre,10.0,2024-09-22 13:51:10.762743
Main,14.0,2024-09-22 13:51:10.762743
First_Class,4.0,2024-09-22 13:51:10.762743
Alt_Checkpoint,,2024-09-22 13:51:10.762743
TSA_Pre,10.0,2024-09-22 14:14:25.802791
Main,16.0,2024-09-22 14:14:25.802791
First_Class,1.0,2024-09-22 14:14:25.802791
Alt_Checkpoint,,2024-09-22 14:14:25.802791
TSA_Pre,11.0,2024-09-22 14:30:47.810897
Main,22.0,2024-09-22 14:30:47.810897
First_Class,6.0,2024-09-22 14:30:47.810897
Alt_Checkpoint,,2024-09-22 14:30:47.810897
TSA_Pre,10.0,2024-09-22 14:51:00.323598
Main,31.0,2024-09-22 14:51:00.323598
First_Class,4.0,2024-09-22 14:51:00.323598
Alt_Checkpoint,,2024-09-22 14:51:00.323598
TSA_Pre,9.0,2024-09-22 15:16:24.096615
Main,32.0,2024-09-22 15:16:24.096615
First_Class,2.0,2024-09-22 15:16:24.096615
Alt_Checkpoint,,2024-09-22 15:16:24.096615
TSA_Pre,11.0,2024-09-22 15:36:23.501430
Main,21.0,2024-09-22 15:36:23.501430
First_Class,2.0,2024-09-22 15:36:23.501430
Alt_Checkpoint,,2024-09-22 15:36:23.501430
TSA_Pre,9.0,2024-09-22 15:51:16.844881
Main,16.0,2024-09-22 15:51:16.844881
First_Class,2.0,2024-09-22 15:51:16.844881
Alt_Checkpoint,,2024-09-22 15:51:16.844881
TSA_Pre,4.0,2024-09-22 16:19:18.645597
Main,7.0,2024-09-22 16:19:18.645597
First_Class,1.0,2024-09-22 16:19:18.645597
Alt_Checkpoint,,2024-09-22 16:19:18.645597
TSA_Pre,3.0,2024-09-22 16:41:36.364999
Main,8.0,2024-09-22 16:41:36.364999
First_Class,1.0,2024-09-22 16:41:36.364999
Alt_Checkpoint,,2024-09-22 16:41:36.364999
TSA_Pre,3.0,2024-09-22 16:52:26.537434
Main,7.0,2024-09-22 16:52:26.537434
First_Class,1.0,2024-09-22 16:52:26.537434
Alt_Checkpoint,,2024-09-22 16:52:26.537434
TSA_Pre,1.0,2024-09-22 17:15:08.590648
Main,10.0,2024-09-22 17:15:08.590648
First_Class,1.0,2024-09-22 17:15:08.590648
Alt_Checkpoint,,2024-09-22 17:15:08.590648
TSA_Pre,4.0,2024-09-22 17:31:16.279223
Main,12.0,2024-09-22 17:31:16.279223
First_Class,2.0,2024-09-22 17:31:16.279223
Alt_Checkpoint,,2024-09-22 17:31:16.279223
TSA_Pre,1.0,2024-09-22 17:51:02.890344
Main,9.0,2024-09-22 17:51:02.890344
First_Class,2.0,2024-09-22 17:51:02.890344
Alt_Checkpoint,,2024-09-22 17:51:02.890344
TSA_Pre,4.0,2024-09-22 18:21:17.058885
Main,13.0,2024-09-22 18:21:17.058885
First_Class,2.0,2024-09-22 18:21:17.058885
Alt_Checkpoint,,2024-09-22 18:21:17.058885
TSA_Pre,6,2024-09-22 18:40:55.712458
Main,15,2024-09-22 18:40:55.712458
First_Class,2,2024-09-22 18:40:55.712458
Alt_Checkpoint,4,2024-09-22 18:40:55.712458
TSA_Pre,7,2024-09-22 18:51:21.866661
Main,21,2024-09-22 18:51:21.866661
First_Class,2,2024-09-22 18:51:21.866661
Alt_Checkpoint,6,2024-09-22 18:51:21.866661
TSA_Pre,4,2024-09-22 19:12:43.686059
Main,17,2024-09-22 19:12:43.686059
First_Class,2,2024-09-22 19:12:43.686059
Alt_Checkpoint,8,2024-09-22 19:12:43.686059
TSA_Pre,5,2024-09-22 19:23:17.024126
Main,18,2024-09-22 19:23:17.024126
First_Class,1,2024-09-22 19:23:17.024126
Alt_Checkpoint,2,2024-09-22 19:23:17.024126
TSA_Pre,7,2024-09-22 19:37:11.169937
Main,16,2024-09-22 19:37:11.169937
First_Class,2,2024-09-22 19:37:11.169937
Alt_Checkpoint,7,2024-09-22 19:37:11.169937
TSA_Pre,10,2024-09-22 19:50:57.477401
Main,13,2024-09-22 19:50:57.477401
First_Class,4,2024-09-22 19:50:57.477401
Alt_Checkpoint,4,2024-09-22 19:50:57.477401
TSA_Pre,7,2024-09-22 20:17:20.783911
Main,15,2024-09-22 20:17:20.783911
First_Class,5,2024-09-22 20:17:20.783911
Alt_Checkpoint,7,2024-09-22 20:17:20.783911
TSA_Pre,9,2024-09-22 20:37:08.991325
Main,15,2024-09-22 20:37:08.991325
First_Class,4,2024-09-22 20:37:08.991325
Alt_Checkpoint,8,2024-09-22 20:37:08.991325
TSA_Pre,11,2024-09-22 20:51:17.519865
Main,16,2024-09-22 20:51:17.519865
First_Class,4,2024-09-22 20:51:17.519865
Alt_Checkpoint,13,2024-09-22 20:51:17.519865
TSA_Pre,10,2024-09-22 21:15:07.777424
Main,18,2024-09-22 21:15:07.777424
First_Class,2,2024-09-22 21:15:07.777424
Alt_Checkpoint,14,2024-09-22 21:15:07.777424
TSA_Pre,11,2024-09-22 21:28:02.540813
Main,22,2024-09-22 21:28:02.540813
First_Class,4,2024-09-22 21:28:02.540813
Alt_Checkpoint,20,2024-09-22 21:28:02.540813
TSA_Pre,11,2024-09-22 21:38:58.193747
Main,24,2024-09-22 21:38:58.193747
First_Class,5,2024-09-22 21:38:58.193747
Alt_Checkpoint,18,2024-09-22 21:38:58.193747
TSA_Pre,10,2024-09-22 21:51:16.720767
Main,33,2024-09-22 21:51:16.720767
First_Class,2,2024-09-22 21:51:16.720767
Alt_Checkpoint,19,2024-09-22 21:51:16.720767
TSA_Pre,15,2024-09-22 22:16:14.674044
Main,27,2024-09-22 22:16:14.674044
First_Class,1,2024-09-22 22:16:14.674044
Alt_Checkpoint,32,2024-09-22 22:16:14.674044
TSA_Pre,12,2024-09-22 22:38:48.222155
Main,22,2024-09-22 22:38:48.222155
First_Class,5,2024-09-22 22:38:48.222155
Alt_Checkpoint,22,2024-09-22 22:38:48.222155
TSA_Pre,9,2024-09-22 22:51:03.834323
Main,13,2024-09-22 22:51:03.834323
First_Class,5,2024-09-22 22:51:03.834323
Alt_Checkpoint,12,2024-09-22 22:51:03.834323
TSA_Pre,2.0,2024-09-22 23:17:22.534766
Main,2.0,2024-09-22 23:17:22.534766
First_Class,1.0,2024-09-22 23:17:22.534766
Alt_Checkpoint,,2024-09-22 23:17:22.534766
TSA_Pre,2.0,2024-09-22 23:38:33.849387
Main,2.0,2024-09-22 23:38:33.849387
First_Class,2.0,2024-09-22 23:38:33.849387
Alt_Checkpoint,,2024-09-22 23:38:33.849387
TSA_Pre,1.0,2024-09-22 23:51:04.211745
Main,1.0,2024-09-22 23:51:04.211745
First_Class,2.0,2024-09-22 23:51:04.211745
Alt_Checkpoint,,2024-09-22 23:51:04.211745
TSA_Pre,1.0,2024-09-23 01:18:51.083368
Main,1.0,2024-09-23 01:18:51.083368
First_Class,1.0,2024-09-23 01:18:51.083368
Alt_Checkpoint,,2024-09-23 01:18:51.083368
TSA_Pre,1.0,2024-09-23 02:37:44.155989
Main,1.0,2024-09-23 02:37:44.155989
First_Class,1.0,2024-09-23 02:37:44.155989
Alt_Checkpoint,,2024-09-23 02:37:44.155989
TSA_Pre,1.0,2024-09-23 03:04:33.535381
Main,1.0,2024-09-23 03:04:33.535381
First_Class,1.0,2024-09-23 03:04:33.535381
Alt_Checkpoint,,2024-09-23 03:04:33.535381
TSA_Pre,1.0,2024-09-23 03:34:06.600315
Main,1.0,2024-09-23 03:34:06.600315
First_Class,1.0,2024-09-23 03:34:06.600315
Alt_Checkpoint,,2024-09-23 03:34:06.600315
TSA_Pre,1.0,2024-09-23 03:51:06.445754
Main,1.0,2024-09-23 03:51:06.445754
First_Class,1.0,2024-09-23 03:51:06.445754
Alt_Checkpoint,,2024-09-23 03:51:06.445754
TSA_Pre,1.0,2024-09-23 04:20:30.048226
Main,1.0,2024-09-23 04:20:30.048226
First_Class,1.0,2024-09-23 04:20:30.048226
Alt_Checkpoint,,2024-09-23 04:20:30.048226
TSA_Pre,1.0,2024-09-23 04:41:27.864328
Main,1.0,2024-09-23 04:41:27.864328
First_Class,1.0,2024-09-23 04:41:27.864328
Alt_Checkpoint,,2024-09-23 04:41:27.864328
TSA_Pre,1.0,2024-09-23 04:51:56.174489
Main,1.0,2024-09-23 04:51:56.174489
First_Class,1.0,2024-09-23 04:51:56.174489
Alt_Checkpoint,,2024-09-23 04:51:56.174489
TSA_Pre,1.0,2024-09-23 05:17:16.644198
Main,1.0,2024-09-23 05:17:16.644198
First_Class,1.0,2024-09-23 05:17:16.644198
Alt_Checkpoint,,2024-09-23 05:17:16.644198
TSA_Pre,1.0,2024-09-23 05:40:00.737513
Main,1.0,2024-09-23 05:40:00.737513
First_Class,1.0,2024-09-23 05:40:00.737513
Alt_Checkpoint,,2024-09-23 05:40:00.737513
TSA_Pre,1.0,2024-09-23 05:51:20.314044
Main,1.0,2024-09-23 05:51:20.314044
First_Class,1.0,2024-09-23 05:51:20.314044
Alt_Checkpoint,,2024-09-23 05:51:20.314044
TSA_Pre,1.0,2024-09-23 06:25:52.526642
Main,1.0,2024-09-23 06:25:52.526642
First_Class,1.0,2024-09-23 06:25:52.526642
Alt_Checkpoint,,2024-09-23 06:25:52.526642
TSA_Pre,1.0,2024-09-23 06:45:51.566608
Main,1.0,2024-09-23 06:45:51.566608
First_Class,1.0,2024-09-23 06:45:51.566608
Alt_Checkpoint,,2024-09-23 06:45:51.566608
TSA_Pre,1.0,2024-09-23 07:16:43.889085
Main,1.0,2024-09-23 07:16:43.889085
First_Class,2.0,2024-09-23 07:16:43.889085
Alt_Checkpoint,,2024-09-23 07:16:43.889085
TSA_Pre,1.0,2024-09-23 07:36:48.576621
Main,5.0,2024-09-23 07:36:48.576621
First_Class,1.0,2024-09-23 07:36:48.576621
Alt_Checkpoint,,2024-09-23 07:36:48.576621
TSA_Pre,1.0,2024-09-23 07:51:16.597595
Main,14.0,2024-09-23 07:51:16.597595
First_Class,2.0,2024-09-23 07:51:16.597595
Alt_Checkpoint,,2024-09-23 07:51:16.597595
TSA_Pre,4.0,2024-09-23 08:22:44.196669
Main,31.0,2024-09-23 08:22:44.196669
First_Class,1.0,2024-09-23 08:22:44.196669
Alt_Checkpoint,,2024-09-23 08:22:44.196669
TSA_Pre,3.0,2024-09-23 08:44:24.581756
Main,30.0,2024-09-23 08:44:24.581756
First_Class,1.0,2024-09-23 08:44:24.581756
Alt_Checkpoint,,2024-09-23 08:44:24.581756
TSA_Pre,5.0,2024-09-23 08:55:07.159498
Main,33.0,2024-09-23 08:55:07.159498
First_Class,2.0,2024-09-23 08:55:07.159498
Alt_Checkpoint,,2024-09-23 08:55:07.159498
TSA_Pre,5.0,2024-09-23 09:20:58.801615
Main,66.0,2024-09-23 09:20:58.801615
First_Class,2.0,2024-09-23 09:20:58.801615
Alt_Checkpoint,,2024-09-23 09:20:58.801615
TSA_Pre,6.0,2024-09-23 09:40:22.648690
Main,95.0,2024-09-23 09:40:22.648690
First_Class,2.0,2024-09-23 09:40:22.648690
Alt_Checkpoint,,2024-09-23 09:40:22.648690
TSA_Pre,4.0,2024-09-23 09:51:06.232109
Main,68.0,2024-09-23 09:51:06.232109
First_Class,2.0,2024-09-23 09:51:06.232109
Alt_Checkpoint,,2024-09-23 09:51:06.232109
TSA_Pre,3.0,2024-09-23 10:20:03.680831
Main,66.0,2024-09-23 10:20:03.680831
First_Class,2.0,2024-09-23 10:20:03.680831
Alt_Checkpoint,,2024-09-23 10:20:03.680831
TSA_Pre,2.0,2024-09-23 10:42:58.136879
Main,17.0,2024-09-23 10:42:58.136879
First_Class,1.0,2024-09-23 10:42:58.136879
Alt_Checkpoint,,2024-09-23 10:42:58.136879
TSA_Pre,2.0,2024-09-23 10:53:22.895990
Main,9.0,2024-09-23 10:53:22.895990
First_Class,1.0,2024-09-23 10:53:22.895990
Alt_Checkpoint,,2024-09-23 10:53:22.895990
TSA_Pre,6.0,2024-09-23 11:14:12.084016
Main,8.0,2024-09-23 11:14:12.084016
First_Class,1.0,2024-09-23 11:14:12.084016
Alt_Checkpoint,,2024-09-23 11:14:12.084016
TSA_Pre,5.0,2024-09-23 11:26:42.903343
Main,2.0,2024-09-23 11:26:42.903343
First_Class,2.0,2024-09-23 11:26:42.903343
Alt_Checkpoint,,2024-09-23 11:26:42.903343
TSA_Pre,1.0,2024-09-23 11:38:21.620230
Main,1.0,2024-09-23 11:38:21.620230
First_Class,2.0,2024-09-23 11:38:21.620230
Alt_Checkpoint,,2024-09-23 11:38:21.620230
TSA_Pre,2.0,2024-09-23 11:50:50.743199
Main,2.0,2024-09-23 11:50:50.743199
First_Class,1.0,2024-09-23 11:50:50.743199
Alt_Checkpoint,,2024-09-23 11:50:50.743199
TSA_Pre,7.0,2024-09-23 12:34:23.996949
Main,8.0,2024-09-23 12:34:23.996949
First_Class,1.0,2024-09-23 12:34:23.996949
Alt_Checkpoint,,2024-09-23 12:34:23.996949
TSA_Pre,13.0,2024-09-23 13:05:15.682126
Main,18.0,2024-09-23 13:05:15.682126
First_Class,3.0,2024-09-23 13:05:15.682126
Alt_Checkpoint,,2024-09-23 13:05:15.682126
TSA_Pre,10.0,2024-09-23 13:33:40.308445
Main,17.0,2024-09-23 13:33:40.308445
First_Class,2.0,2024-09-23 13:33:40.308445
Alt_Checkpoint,,2024-09-23 13:33:40.308445
TSA_Pre,10,2024-09-23 13:51:34.937935
Main,10,2024-09-23 13:51:34.937935
First_Class,2,2024-09-23 13:51:34.937935
Alt_Checkpoint,2,2024-09-23 13:51:34.937935
TSA_Pre,7,2024-09-23 14:16:27.297690
Main,14,2024-09-23 14:16:27.297690
First_Class,1,2024-09-23 14:16:27.297690
Alt_Checkpoint,3,2024-09-23 14:16:27.297690
TSA_Pre,10,2024-09-23 14:51:06.475030
Main,13,2024-09-23 14:51:06.475030
First_Class,1,2024-09-23 14:51:06.475030
Alt_Checkpoint,2,2024-09-23 14:51:06.475030
TSA_Pre,10.0,2024-09-23 15:18:43.445021
Main,15.0,2024-09-23 15:18:43.445021
First_Class,3.0,2024-09-23 15:18:43.445021
Alt_Checkpoint,,2024-09-23 15:18:43.445021
TSA_Pre,8.0,2024-09-23 15:37:59.593022
Main,15.0,2024-09-23 15:37:59.593022
First_Class,2.0,2024-09-23 15:37:59.593022
Alt_Checkpoint,,2024-09-23 15:37:59.593022
TSA_Pre,6.0,2024-09-23 15:51:30.287997
Main,18.0,2024-09-23 15:51:30.287997
First_Class,1.0,2024-09-23 15:51:30.287997
Alt_Checkpoint,,2024-09-23 15:51:30.287997
TSA_Pre,1.0,2024-09-23 16:20:54.779193
Main,9.0,2024-09-23 16:20:54.779193
First_Class,2.0,2024-09-23 16:20:54.779193
Alt_Checkpoint,,2024-09-23 16:20:54.779193
TSA_Pre,5,2024-09-23 16:44:03.302444
Main,6,2024-09-23 16:44:03.302444
First_Class,1,2024-09-23 16:44:03.302444
Alt_Checkpoint,2,2024-09-23 16:44:03.302444
TSA_Pre,3,2024-09-23 16:54:37.065642
Main,6,2024-09-23 16:54:37.065642
First_Class,1,2024-09-23 16:54:37.065642
Alt_Checkpoint,2,2024-09-23 16:54:37.065642
TSA_Pre,1,2024-09-23 17:15:25.846015
Main,9,2024-09-23 17:15:25.846015
First_Class,1,2024-09-23 17:15:25.846015
Alt_Checkpoint,2,2024-09-23 17:15:25.846015
TSA_Pre,4,2024-09-23 17:32:41.174058
Main,9,2024-09-23 17:32:41.174058
First_Class,2,2024-09-23 17:32:41.174058
Alt_Checkpoint,2,2024-09-23 17:32:41.174058
TSA_Pre,4,2024-09-23 17:51:17.834928
Main,6,2024-09-23 17:51:17.834928
First_Class,1,2024-09-23 17:51:17.834928
Alt_Checkpoint,2,2024-09-23 17:51:17.834928
TSA_Pre,3,2024-09-23 18:23:33.071352
Main,5,2024-09-23 18:23:33.071352
First_Class,2,2024-09-23 18:23:33.071352
Alt_Checkpoint,2,2024-09-23 18:23:33.071352
TSA_Pre,1,2024-09-23 18:43:51.633211
Main,7,2024-09-23 18:43:51.633211
First_Class,3,2024-09-23 18:43:51.633211
Alt_Checkpoint,2,2024-09-23 18:43:51.633211
TSA_Pre,5,2024-09-23 18:54:21.513906
Main,7,2024-09-23 18:54:21.513906
First_Class,1,2024-09-23 18:54:21.513906
Alt_Checkpoint,2,2024-09-23 18:54:21.513906
TSA_Pre,8,2024-09-23 19:14:13.998929
Main,12,2024-09-23 19:14:13.998929
First_Class,2,2024-09-23 19:14:13.998929
Alt_Checkpoint,2,2024-09-23 19:14:13.998929
TSA_Pre,7,2024-09-23 19:26:15.859741
Main,9,2024-09-23 19:26:15.859741
First_Class,2,2024-09-23 19:26:15.859741
Alt_Checkpoint,3,2024-09-23 19:26:15.859741
TSA_Pre,12,2024-09-23 19:37:48.537275
Main,16,2024-09-23 19:37:48.537275
First_Class,4,2024-09-23 19:37:48.537275
Alt_Checkpoint,3,2024-09-23 19:37:48.537275
TSA_Pre,8,2024-09-23 19:51:05.120145
Main,11,2024-09-23 19:51:05.120145
First_Class,2,2024-09-23 19:51:05.120145
Alt_Checkpoint,8,2024-09-23 19:51:05.120145
TSA_Pre,6,2024-09-23 20:20:26.521273
Main,14,2024-09-23 20:20:26.521273
First_Class,2,2024-09-23 20:20:26.521273
Alt_Checkpoint,3,2024-09-23 20:20:26.521273
TSA_Pre,6,2024-09-23 20:39:11.877141
Main,10,2024-09-23 20:39:11.877141
First_Class,5,2024-09-23 20:39:11.877141
Alt_Checkpoint,3,2024-09-23 20:39:11.877141
TSA_Pre,4,2024-09-23 20:51:13.300492
Main,13,2024-09-23 20:51:13.300492
First_Class,2,2024-09-23 20:51:13.300492
Alt_Checkpoint,2,2024-09-23 20:51:13.300492
TSA_Pre,2,2024-09-23 21:16:13.133799
Main,9,2024-09-23 21:16:13.133799
First_Class,1,2024-09-23 21:16:13.133799
Alt_Checkpoint,5,2024-09-23 21:16:13.133799
TSA_Pre,3.0,2024-09-23 21:37:06.769840
Main,9.0,2024-09-23 21:37:06.769840
First_Class,1.0,2024-09-23 21:37:06.769840
Alt_Checkpoint,,2024-09-23 21:37:06.769840
TSA_Pre,1.0,2024-09-23 21:51:13.810195
Main,9.0,2024-09-23 21:51:13.810195
First_Class,4.0,2024-09-23 21:51:13.810195
Alt_Checkpoint,,2024-09-23 21:51:13.810195
TSA_Pre,2.0,2024-09-23 22:17:18.808362
Main,6.0,2024-09-23 22:17:18.808362
First_Class,2.0,2024-09-23 22:17:18.808362
Alt_Checkpoint,,2024-09-23 22:17:18.808362
TSA_Pre,1.0,2024-09-23 22:40:27.748426
Main,2.0,2024-09-23 22:40:27.748426
First_Class,2.0,2024-09-23 22:40:27.748426
Alt_Checkpoint,,2024-09-23 22:40:27.748426
TSA_Pre,1.0,2024-09-23 22:50:57.392203
Main,1.0,2024-09-23 22:50:57.392203
First_Class,2.0,2024-09-23 22:50:57.392203
Alt_Checkpoint,,2024-09-23 22:50:57.392203
TSA_Pre,1.0,2024-09-23 23:16:41.477999
Main,2.0,2024-09-23 23:16:41.477999
First_Class,1.0,2024-09-23 23:16:41.477999
Alt_Checkpoint,,2024-09-23 23:16:41.477999
TSA_Pre,2.0,2024-09-23 23:37:06.095687
Main,1.0,2024-09-23 23:37:06.095687
First_Class,1.0,2024-09-23 23:37:06.095687
Alt_Checkpoint,,2024-09-23 23:37:06.095687
TSA_Pre,1.0,2024-09-23 23:51:19.154853
Main,1.0,2024-09-23 23:51:19.154853
First_Class,1.0,2024-09-23 23:51:19.154853
Alt_Checkpoint,,2024-09-23 23:51:19.154853
TSA_Pre,1.0,2024-09-24 01:19:22.373807
Main,1.0,2024-09-24 01:19:22.373807
First_Class,1.0,2024-09-24 01:19:22.373807
Alt_Checkpoint,,2024-09-24 01:19:22.373807
TSA_Pre,1.0,2024-09-24 02:37:35.162391
Main,1.0,2024-09-24 02:37:35.162391
First_Class,1.0,2024-09-24 02:37:35.162391
Alt_Checkpoint,,2024-09-24 02:37:35.162391
TSA_Pre,1.0,2024-09-24 03:04:24.661397
Main,1.0,2024-09-24 03:04:24.661397
First_Class,1.0,2024-09-24 03:04:24.661397
Alt_Checkpoint,,2024-09-24 03:04:24.661397
TSA_Pre,1.0,2024-09-24 03:34:18.945750
Main,1.0,2024-09-24 03:34:18.945750
First_Class,1.0,2024-09-24 03:34:18.945750
Alt_Checkpoint,,2024-09-24 03:34:18.945750
TSA_Pre,1.0,2024-09-24 03:51:08.846188
Main,1.0,2024-09-24 03:51:08.846188
First_Class,1.0,2024-09-24 03:51:08.846188
Alt_Checkpoint,,2024-09-24 03:51:08.846188
TSA_Pre,1.0,2024-09-24 04:21:10.943543
Main,1.0,2024-09-24 04:21:10.943543
First_Class,2.0,2024-09-24 04:21:10.943543
Alt_Checkpoint,,2024-09-24 04:21:10.943543
TSA_Pre,1.0,2024-09-24 04:41:39.327021
Main,1.0,2024-09-24 04:41:39.327021
First_Class,1.0,2024-09-24 04:41:39.327021
Alt_Checkpoint,,2024-09-24 04:41:39.327021
TSA_Pre,1.0,2024-09-24 04:52:03.300286
Main,1.0,2024-09-24 04:52:03.300286
First_Class,1.0,2024-09-24 04:52:03.300286
Alt_Checkpoint,,2024-09-24 04:52:03.300286
TSA_Pre,1.0,2024-09-24 05:17:15.414023
Main,1.0,2024-09-24 05:17:15.414023
First_Class,1.0,2024-09-24 05:17:15.414023
Alt_Checkpoint,,2024-09-24 05:17:15.414023
TSA_Pre,1.0,2024-09-24 05:39:46.253297
Main,1.0,2024-09-24 05:39:46.253297
First_Class,1.0,2024-09-24 05:39:46.253297
Alt_Checkpoint,,2024-09-24 05:39:46.253297
TSA_Pre,1.0,2024-09-24 05:51:12.740335
Main,1.0,2024-09-24 05:51:12.740335
First_Class,1.0,2024-09-24 05:51:12.740335
Alt_Checkpoint,,2024-09-24 05:51:12.740335
TSA_Pre,1.0,2024-09-24 06:25:41.517464
Main,1.0,2024-09-24 06:25:41.517464
First_Class,1.0,2024-09-24 06:25:41.517464
Alt_Checkpoint,,2024-09-24 06:25:41.517464
TSA_Pre,1.0,2024-09-24 06:45:44.832920
Main,1.0,2024-09-24 06:45:44.832920
First_Class,1.0,2024-09-24 06:45:44.832920
Alt_Checkpoint,,2024-09-24 06:45:44.832920
TSA_Pre,1.0,2024-09-24 07:16:51.197169
Main,1.0,2024-09-24 07:16:51.197169
First_Class,1.0,2024-09-24 07:16:51.197169
Alt_Checkpoint,,2024-09-24 07:16:51.197169
TSA_Pre,1.0,2024-09-24 07:36:44.698393
Main,1.0,2024-09-24 07:36:44.698393
First_Class,1.0,2024-09-24 07:36:44.698393
Alt_Checkpoint,,2024-09-24 07:36:44.698393
TSA_Pre,1.0,2024-09-24 07:50:53.632536
Main,1.0,2024-09-24 07:50:53.632536
First_Class,1.0,2024-09-24 07:50:53.632536
Alt_Checkpoint,,2024-09-24 07:50:53.632536
TSA_Pre,1,2024-09-24 08:23:12.263369
Main,11,2024-09-24 08:23:12.263369
First_Class,2,2024-09-24 08:23:12.263369
Alt_Checkpoint,3,2024-09-24 08:23:12.263369
TSA_Pre,1,2024-09-24 08:44:21.628884
Main,16,2024-09-24 08:44:21.628884
First_Class,1,2024-09-24 08:44:21.628884
Alt_Checkpoint,3,2024-09-24 08:44:21.628884
TSA_Pre,1,2024-09-24 08:55:00.379440
Main,17,2024-09-24 08:55:00.379440
First_Class,3,2024-09-24 08:55:00.379440
Alt_Checkpoint,5,2024-09-24 08:55:00.379440
TSA_Pre,1,2024-09-24 09:19:18.258114
Main,22,2024-09-24 09:19:18.258114
First_Class,3,2024-09-24 09:19:18.258114
Alt_Checkpoint,5,2024-09-24 09:19:18.258114
TSA_Pre,1,2024-09-24 09:38:57.220592
Main,16,2024-09-24 09:38:57.220592
First_Class,2,2024-09-24 09:38:57.220592
Alt_Checkpoint,6,2024-09-24 09:38:57.220592
TSA_Pre,1,2024-09-24 09:51:03.722156
Main,17,2024-09-24 09:51:03.722156
First_Class,1,2024-09-24 09:51:03.722156
Alt_Checkpoint,7,2024-09-24 09:51:03.722156
